isolate_id,site,year,organism,drug,label,prob,background_signature,model_name
b8eb58cf-9f30-4841-b3b0-dd8abb6ea7dd,DRIAMS-B,2018,Klebsiella pneumoniae,Ceftriaxone,0,0.17763214218959242,NO_BACKGROUND_DRUGS,Weis-lr
94a5a2ba-95c9-409f-8353-16b04a8aea14,DRIAMS-B,2018,Klebsiella pneumoniae,Ceftriaxone,0,0.15632634536693563,NO_BACKGROUND_DRUGS,Weis-lr
bb8b172e-b4a9-49e2-8310-7a2e2559e3eb,DRIAMS-B,2018,Klebsiella pneumoniae,Ceftriaxone,0,0.22428446141180433,NO_BACKGROUND_DRUGS,Weis-lr
5a23f13a-9404-4b4a-99b8-6d311cd6301d,DRIAMS-B,2018,Klebsiella pneumoniae,Ceftriaxone,0,0.2923512550398171,NO_BACKGROUND_DRUGS,Weis-lr
7c02d4aa-3a2e-4111-ad91-4178a4a5882a,DRIAMS-B,2018,Klebsiella pneumoniae,Ceftriaxone,0,0.3902324467342512,NO_BACKGROUND_DRUGS,Weis-lr
ed56b495-00a1-465e-99f9-b734cc885b04,DRIAMS-B,2018,Klebsiella pneumoniae,Ceftriaxone,0,0.5811169154474294,NO_BACKGROUND_DRUGS,Weis-lr
57c867b1-e45b-4967-90f7-297902f92a61,DRIAMS-B,2018,Klebsiella pneumoniae,Ceftriaxone,0,0.17027820911058064,NO_BACKGROUND_DRUGS,Weis-lr
70c787e8-a601-4a7c-8005-a1aea0a859c9,DRIAMS-B,2018,Klebsiella pneumoniae,Ceftriaxone,0,0.5428555294659905,NO_BACKGROUND_DRUGS,Weis-lr
b59874c4-3b57-410f-b6a1-565e0780d49b,DRIAMS-B,2018,Klebsiella pneumoniae,Ceftriaxone,0,0.38628773254473464,NO_BACKGROUND_DRUGS,Weis-lr
83bb9a11-0fba-4d78-bee8-34de3fe50517,DRIAMS-B,2018,Klebsiella pneumoniae,Ceftriaxone,0,0.3254574207122761,NO_BACKGROUND_DRUGS,Weis-lr
3a98c963-af15-4a78-b025-3137da091708,DRIAMS-B,2018,Klebsiella pneumoniae,Ceftriaxone,0,0.6036864198374675,NO_BACKGROUND_DRUGS,Weis-lr
0c3d8336-4e3b-4911-8222-e0cdc2c62d51,DRIAMS-B,2018,Klebsiella pneumoniae,Ceftriaxone,0,0.6956135544978941,NO_BACKGROUND_DRUGS,Weis-lr
627ae244-1d76-4ee7-ba92-4939b5a954ab,DRIAMS-B,2018,Klebsiella pneumoniae,Ceftriaxone,1,0.364415547143761,NO_BACKGROUND_DRUGS,Weis-lr
cd5dcc42-ac69-47f2-804e-eb60d10e092d,DRIAMS-B,2018,Klebsiella pneumoniae,Ceftriaxone,0,0.13307881464821372,NO_BACKGROUND_DRUGS,Weis-lr
9f2c1186-f75f-4d63-a083-4ecaff391323,DRIAMS-B,2018,Klebsiella pneumoniae,Ceftriaxone,0,0.5186279621650715,NO_BACKGROUND_DRUGS,Weis-lr
f1455240-b201-44fe-9dcc-f639d6767eab,DRIAMS-B,2018,Klebsiella pneumoniae,Ceftriaxone,0,0.665845405535531,NO_BACKGROUND_DRUGS,Weis-lr
88d377e7-7218-4d10-8234-71f121093787,DRIAMS-B,2018,Klebsiella pneumoniae,Ceftriaxone,0,0.31671217332095947,NO_BACKGROUND_DRUGS,Weis-lr
4b5437b2-060d-4609-bc6f-67a45f498a20,DRIAMS-B,2018,Klebsiella pneumoniae,Ceftriaxone,0,0.3269294083230738,NO_BACKGROUND_DRUGS,Weis-lr
4d66ecf9-9202-4703-81ce-f2bc58d3b9a0,DRIAMS-B,2018,Klebsiella pneumoniae,Ceftriaxone,1,0.37745847241195823,NO_BACKGROUND_DRUGS,Weis-lr
6a5f16d5-f43f-496c-a88c-2803e0f2c9e9,DRIAMS-B,2018,Klebsiella pneumoniae,Ceftriaxone,0,0.05367494335994014,NO_BACKGROUND_DRUGS,Weis-lr
67ec0d2a-efd3-422f-82b4-9c52de26bacc,DRIAMS-B,2018,Klebsiella pneumoniae,Ceftriaxone,0,0.2701390780395201,NO_BACKGROUND_DRUGS,Weis-lr
b12c5988-2fd6-4dbb-bbee-80dcc9ed20aa,DRIAMS-B,2018,Klebsiella pneumoniae,Ceftriaxone,0,0.5857269827265933,NO_BACKGROUND_DRUGS,Weis-lr
34b5d89b-de8d-4f20-99b9-f127622f4a3b,DRIAMS-B,2018,Klebsiella pneumoniae,Ceftriaxone,1,0.4685004687939106,NO_BACKGROUND_DRUGS,Weis-lr
c311fe5e-155e-4f07-b03c-32b50c8a81f3,DRIAMS-B,2018,Klebsiella pneumoniae,Ceftriaxone,0,0.4989280236825695,NO_BACKGROUND_DRUGS,Weis-lr
f795e0cf-3555-4185-bb22-9a886f427089,DRIAMS-B,2018,Klebsiella pneumoniae,Ceftriaxone,0,0.4753529349937297,NO_BACKGROUND_DRUGS,Weis-lr
edd03fad-f27c-43e7-aa8d-232f1d2331a8,DRIAMS-B,2018,Klebsiella pneumoniae,Ceftriaxone,1,0.480095157866894,NO_BACKGROUND_DRUGS,Weis-lr
e79ce6c1-d16e-4da1-ab87-a90c474b8a52,DRIAMS-B,2018,Klebsiella pneumoniae,Ceftriaxone,0,0.4218768490573588,NO_BACKGROUND_DRUGS,Weis-lr
f2e6b0f2-7836-420b-89ed-979f59a7519c,DRIAMS-B,2018,Klebsiella pneumoniae,Ceftriaxone,0,0.8900270636476006,NO_BACKGROUND_DRUGS,Weis-lr
ba70d78e-d942-44a8-a1e0-e43f3991ad22,DRIAMS-B,2018,Klebsiella pneumoniae,Ceftriaxone,0,0.11012827743717522,NO_BACKGROUND_DRUGS,Weis-lr
3abe63f4-ad23-43a3-88fb-01005f331aed,DRIAMS-B,2018,Klebsiella pneumoniae,Ceftriaxone,0,0.5815062769249052,NO_BACKGROUND_DRUGS,Weis-lr
32b89a8b-05a5-4a42-bc04-5cdbb9521464,DRIAMS-B,2018,Klebsiella pneumoniae,Ceftriaxone,0,0.6619954989301635,NO_BACKGROUND_DRUGS,Weis-lr
28052209040_D12,DRIAMS-C,2018,Klebsiella pneumoniae,Ceftriaxone,0,0.16012949842171048,NO_BACKGROUND_DRUGS,Weis-lr
28082109610_C2,DRIAMS-C,2018,Klebsiella pneumoniae,Ceftriaxone,0,0.26468611128078084,NO_BACKGROUND_DRUGS,Weis-lr
28031505420_B6,DRIAMS-C,2018,Klebsiella pneumoniae,Ceftriaxone,1,0.13073154727605119,NO_BACKGROUND_DRUGS,Weis-lr
28042105220_F8,DRIAMS-C,2018,Klebsiella pneumoniae,Ceftriaxone,0,0.019546563865887837,NO_BACKGROUND_DRUGS,Weis-lr
28082308500_F4,DRIAMS-C,2018,Klebsiella pneumoniae,Ceftriaxone,0,0.3681625484155914,NO_BACKGROUND_DRUGS,Weis-lr
28011508640_D4,DRIAMS-C,2018,Klebsiella pneumoniae,Ceftriaxone,0,0.08129980922746452,NO_BACKGROUND_DRUGS,Weis-lr
28041612350_C12,DRIAMS-C,2018,Klebsiella pneumoniae,Ceftriaxone,0,0.4977023465205298,NO_BACKGROUND_DRUGS,Weis-lr
28041601780_B6,DRIAMS-C,2018,Klebsiella pneumoniae,Ceftriaxone,0,0.14747784618295018,NO_BACKGROUND_DRUGS,Weis-lr
28013012770_C3,DRIAMS-C,2018,Klebsiella pneumoniae,Ceftriaxone,1,0.5604318856601067,NO_BACKGROUND_DRUGS,Weis-lr
28061506440_C2,DRIAMS-C,2018,Klebsiella pneumoniae,Ceftriaxone,1,0.23607408170416225,NO_BACKGROUND_DRUGS,Weis-lr
28080309290_E7,DRIAMS-C,2018,Klebsiella pneumoniae,Ceftriaxone,0,0.19078681188831112,NO_BACKGROUND_DRUGS,Weis-lr
28072403330_G8,DRIAMS-C,2018,Klebsiella pneumoniae,Ceftriaxone,0,0.21969797853699613,NO_BACKGROUND_DRUGS,Weis-lr
28012005920_G1,DRIAMS-C,2018,Klebsiella pneumoniae,Ceftriaxone,0,0.021789239714305877,NO_BACKGROUND_DRUGS,Weis-lr
28010911110_F4,DRIAMS-C,2018,Klebsiella pneumoniae,Ceftriaxone,0,0.10991574432542792,NO_BACKGROUND_DRUGS,Weis-lr
28060611590_B1,DRIAMS-C,2018,Klebsiella pneumoniae,Ceftriaxone,0,0.023098448558786643,NO_BACKGROUND_DRUGS,Weis-lr
28052811920_E12,DRIAMS-C,2018,Klebsiella pneumoniae,Ceftriaxone,0,0.38189112414658144,NO_BACKGROUND_DRUGS,Weis-lr
28070208570_B7,DRIAMS-C,2018,Klebsiella pneumoniae,Ceftriaxone,0,0.12094821193301737,NO_BACKGROUND_DRUGS,Weis-lr
28060108290_F5,DRIAMS-C,2018,Klebsiella pneumoniae,Ceftriaxone,0,0.20169116497893924,NO_BACKGROUND_DRUGS,Weis-lr
28051709970_A8,DRIAMS-C,2018,Klebsiella pneumoniae,Ceftriaxone,0,0.6071782950855319,NO_BACKGROUND_DRUGS,Weis-lr
28061313660_F12,DRIAMS-C,2018,Klebsiella pneumoniae,Ceftriaxone,0,0.38813860049514204,NO_BACKGROUND_DRUGS,Weis-lr
28071113240_D9,DRIAMS-C,2018,Klebsiella pneumoniae,Ceftriaxone,0,0.045218576846011806,NO_BACKGROUND_DRUGS,Weis-lr
28042312400_D5,DRIAMS-C,2018,Klebsiella pneumoniae,Ceftriaxone,0,0.18338407246247995,NO_BACKGROUND_DRUGS,Weis-lr
28071203210_A11,DRIAMS-C,2018,Klebsiella pneumoniae,Ceftriaxone,0,0.09364034334040561,NO_BACKGROUND_DRUGS,Weis-lr
28040311790_G9,DRIAMS-C,2018,Klebsiella pneumoniae,Ceftriaxone,0,0.11907541316724028,NO_BACKGROUND_DRUGS,Weis-lr
28041211230_E4,DRIAMS-C,2018,Klebsiella pneumoniae,Ceftriaxone,0,0.21585686281323263,NO_BACKGROUND_DRUGS,Weis-lr
28081308190_C10,DRIAMS-C,2018,Klebsiella pneumoniae,Ceftriaxone,0,0.14753496813935965,NO_BACKGROUND_DRUGS,Weis-lr
28020509800_H4,DRIAMS-C,2018,Klebsiella pneumoniae,Ceftriaxone,1,0.11772264924881061,NO_BACKGROUND_DRUGS,Weis-lr
28010506740_G6,DRIAMS-C,2018,Klebsiella pneumoniae,Ceftriaxone,0,0.08428374538643904,NO_BACKGROUND_DRUGS,Weis-lr
28060817200_C4,DRIAMS-C,2018,Klebsiella pneumoniae,Ceftriaxone,0,0.12253026518348016,NO_BACKGROUND_DRUGS,Weis-lr
28020509800_A8,DRIAMS-C,2018,Klebsiella pneumoniae,Ceftriaxone,1,0.2028023686483742,NO_BACKGROUND_DRUGS,Weis-lr
28010909490_D10,DRIAMS-C,2018,Klebsiella pneumoniae,Ceftriaxone,0,0.269050622470759,NO_BACKGROUND_DRUGS,Weis-lr
28080708140_A2,DRIAMS-C,2018,Klebsiella pneumoniae,Ceftriaxone,0,0.055791830533073974,NO_BACKGROUND_DRUGS,Weis-lr
28082503340_F2,DRIAMS-C,2018,Klebsiella pneumoniae,Ceftriaxone,0,0.4847706994023849,NO_BACKGROUND_DRUGS,Weis-lr
28050402730_A6,DRIAMS-C,2018,Klebsiella pneumoniae,Ceftriaxone,0,0.09514971502540465,NO_BACKGROUND_DRUGS,Weis-lr
28052508990_F4,DRIAMS-C,2018,Klebsiella pneumoniae,Ceftriaxone,1,0.3890447284162688,NO_BACKGROUND_DRUGS,Weis-lr
28071607750_C8,DRIAMS-C,2018,Klebsiella pneumoniae,Ceftriaxone,0,0.05918093137679466,NO_BACKGROUND_DRUGS,Weis-lr
28061311550_D3,DRIAMS-C,2018,Klebsiella pneumoniae,Ceftriaxone,0,0.2016019517537786,NO_BACKGROUND_DRUGS,Weis-lr
28061308690_E9,DRIAMS-C,2018,Klebsiella pneumoniae,Ceftriaxone,0,0.1927504954269836,NO_BACKGROUND_DRUGS,Weis-lr
28020102020_D6,DRIAMS-C,2018,Klebsiella pneumoniae,Ceftriaxone,0,0.2913340656277804,NO_BACKGROUND_DRUGS,Weis-lr
28071611250_E9,DRIAMS-C,2018,Klebsiella pneumoniae,Ceftriaxone,0,0.13101875729493787,NO_BACKGROUND_DRUGS,Weis-lr
28051409180_G3,DRIAMS-C,2018,Klebsiella pneumoniae,Ceftriaxone,0,0.4319785391453809,NO_BACKGROUND_DRUGS,Weis-lr
28021609810_F5,DRIAMS-C,2018,Klebsiella pneumoniae,Ceftriaxone,0,0.011439097884998311,NO_BACKGROUND_DRUGS,Weis-lr
28071809760_B7,DRIAMS-C,2018,Klebsiella pneumoniae,Ceftriaxone,0,0.24526819716851878,NO_BACKGROUND_DRUGS,Weis-lr
28042610620_G3,DRIAMS-C,2018,Klebsiella pneumoniae,Ceftriaxone,0,0.06499500093534785,NO_BACKGROUND_DRUGS,Weis-lr
28080503310_F6,DRIAMS-C,2018,Klebsiella pneumoniae,Ceftriaxone,0,0.06229058933905969,NO_BACKGROUND_DRUGS,Weis-lr
28070804310_B11,DRIAMS-C,2018,Klebsiella pneumoniae,Ceftriaxone,0,0.04339299577051307,NO_BACKGROUND_DRUGS,Weis-lr
28022010280_D5,DRIAMS-C,2018,Klebsiella pneumoniae,Ceftriaxone,0,0.1865822149111936,NO_BACKGROUND_DRUGS,Weis-lr
28040508760_B7,DRIAMS-C,2018,Klebsiella pneumoniae,Ceftriaxone,1,0.3613832743069335,NO_BACKGROUND_DRUGS,Weis-lr
28071709370_H5,DRIAMS-C,2018,Klebsiella pneumoniae,Ceftriaxone,0,0.026099375711622862,NO_BACKGROUND_DRUGS,Weis-lr
28070603380_F2,DRIAMS-C,2018,Klebsiella pneumoniae,Ceftriaxone,1,0.34819323643386596,NO_BACKGROUND_DRUGS,Weis-lr
28010703410_A9,DRIAMS-C,2018,Klebsiella pneumoniae,Ceftriaxone,0,0.0806398920948504,NO_BACKGROUND_DRUGS,Weis-lr
28020109620_F6,DRIAMS-C,2018,Klebsiella pneumoniae,Ceftriaxone,0,0.14081522611905184,NO_BACKGROUND_DRUGS,Weis-lr
28070705160_F6,DRIAMS-C,2018,Klebsiella pneumoniae,Ceftriaxone,0,0.31281096523032803,NO_BACKGROUND_DRUGS,Weis-lr
28051205600_B7,DRIAMS-C,2018,Klebsiella pneumoniae,Ceftriaxone,0,0.29928545936954937,NO_BACKGROUND_DRUGS,Weis-lr
28022008700_G8,DRIAMS-C,2018,Klebsiella pneumoniae,Ceftriaxone,0,0.12550613288376783,NO_BACKGROUND_DRUGS,Weis-lr
28062208110_F10,DRIAMS-C,2018,Klebsiella pneumoniae,Ceftriaxone,0,0.03375303504405696,NO_BACKGROUND_DRUGS,Weis-lr
28070909120_B3,DRIAMS-C,2018,Klebsiella pneumoniae,Ceftriaxone,0,0.17773888707782554,NO_BACKGROUND_DRUGS,Weis-lr
28050910210_C7,DRIAMS-C,2018,Klebsiella pneumoniae,Ceftriaxone,0,0.08522458848857495,NO_BACKGROUND_DRUGS,Weis-lr
28051709970_B9,DRIAMS-C,2018,Klebsiella pneumoniae,Ceftriaxone,0,0.48270599403356496,NO_BACKGROUND_DRUGS,Weis-lr
28011809130_D1,DRIAMS-C,2018,Klebsiella pneumoniae,Ceftriaxone,0,0.09319339407383918,NO_BACKGROUND_DRUGS,Weis-lr
28082310380_B7,DRIAMS-C,2018,Klebsiella pneumoniae,Ceftriaxone,0,0.16366384780085194,NO_BACKGROUND_DRUGS,Weis-lr
28011510780_D8,DRIAMS-C,2018,Klebsiella pneumoniae,Ceftriaxone,0,0.16578409812800532,NO_BACKGROUND_DRUGS,Weis-lr
28060506340_A5,DRIAMS-C,2018,Klebsiella pneumoniae,Ceftriaxone,0,0.12395441395361598,NO_BACKGROUND_DRUGS,Weis-lr
28052508990_E9,DRIAMS-C,2018,Klebsiella pneumoniae,Ceftriaxone,1,0.07359029250638952,NO_BACKGROUND_DRUGS,Weis-lr
28030306480_F5,DRIAMS-C,2018,Klebsiella pneumoniae,Ceftriaxone,1,0.13768386751909192,NO_BACKGROUND_DRUGS,Weis-lr
28081308190_F12,DRIAMS-C,2018,Klebsiella pneumoniae,Ceftriaxone,0,0.03671961119698222,NO_BACKGROUND_DRUGS,Weis-lr
28030610500_F1,DRIAMS-C,2018,Klebsiella pneumoniae,Ceftriaxone,0,0.05452882639826875,NO_BACKGROUND_DRUGS,Weis-lr
28050408370_D10,DRIAMS-C,2018,Klebsiella pneumoniae,Ceftriaxone,1,0.16493391311587258,NO_BACKGROUND_DRUGS,Weis-lr
28031004570_F8,DRIAMS-C,2018,Klebsiella pneumoniae,Ceftriaxone,0,0.06760862215474174,NO_BACKGROUND_DRUGS,Weis-lr
28010307180_D12,DRIAMS-C,2018,Klebsiella pneumoniae,Ceftriaxone,0,0.28037425234318386,NO_BACKGROUND_DRUGS,Weis-lr
28082013420_F9,DRIAMS-C,2018,Klebsiella pneumoniae,Ceftriaxone,0,0.27867337560731287,NO_BACKGROUND_DRUGS,Weis-lr
28011809130_B8,DRIAMS-C,2018,Klebsiella pneumoniae,Ceftriaxone,0,0.06622686094985959,NO_BACKGROUND_DRUGS,Weis-lr
28052813480_F1,DRIAMS-C,2018,Klebsiella pneumoniae,Ceftriaxone,0,0.06363043173631457,NO_BACKGROUND_DRUGS,Weis-lr
28070308770_D4,DRIAMS-C,2018,Klebsiella pneumoniae,Ceftriaxone,0,0.0572034136089156,NO_BACKGROUND_DRUGS,Weis-lr
5db10672-f655-415c-95e8-2fa26d3723f4_3312,DRIAMS-D,2018,Klebsiella pneumoniae,Ceftriaxone,0,0.20661936049698576,NO_BACKGROUND_DRUGS,Weis-lr
a4b811a4-a8bd-44c4-8780-e1ed8dca878c_3312,DRIAMS-D,2018,Klebsiella pneumoniae,Ceftriaxone,0,0.11885333525853306,NO_BACKGROUND_DRUGS,Weis-lr
7034070f-fafd-4829-a081-92f7ed0537a5_3313,DRIAMS-D,2018,Klebsiella pneumoniae,Ceftriaxone,0,0.10484730667500684,NO_BACKGROUND_DRUGS,Weis-lr
c0ac890a-e3a9-454f-b491-d8ed48a359d8_3312,DRIAMS-D,2018,Klebsiella pneumoniae,Ceftriaxone,0,0.042224227637693436,NO_BACKGROUND_DRUGS,Weis-lr
06a8be43-4006-46d9-9b98-dcef0331fa10_3312,DRIAMS-D,2018,Klebsiella pneumoniae,Ceftriaxone,0,0.07883182559277069,NO_BACKGROUND_DRUGS,Weis-lr
c4763e18-184d-4459-b414-d9acdaa5383c_3312,DRIAMS-D,2018,Klebsiella pneumoniae,Ceftriaxone,0,0.4712862347029924,NO_BACKGROUND_DRUGS,Weis-lr
debdbe8b-5824-4226-b3bf-9f1e3406b6b4_3312,DRIAMS-D,2018,Klebsiella pneumoniae,Ceftriaxone,0,0.2571494486413335,NO_BACKGROUND_DRUGS,Weis-lr
ba3aaf41-14ae-43be-b527-f3bd20310770_3313,DRIAMS-D,2018,Klebsiella pneumoniae,Ceftriaxone,1,0.09546063225103665,NO_BACKGROUND_DRUGS,Weis-lr
8e525cc3-26be-4fd1-846f-adf4028582e7_3313,DRIAMS-D,2018,Klebsiella pneumoniae,Ceftriaxone,0,0.22785367061093575,NO_BACKGROUND_DRUGS,Weis-lr
4c96de32-e57b-4aed-ace8-6ec9d4ab885c_3312,DRIAMS-D,2018,Klebsiella pneumoniae,Ceftriaxone,0,0.3751494258283485,NO_BACKGROUND_DRUGS,Weis-lr
8ffc5027-b766-4f8c-9840-2e438f0da0e9_3313,DRIAMS-D,2018,Klebsiella pneumoniae,Ceftriaxone,0,0.3857812089007141,NO_BACKGROUND_DRUGS,Weis-lr
c6215b5a-d3b3-4b9e-b800-134fd5714ea7_3312,DRIAMS-D,2018,Klebsiella pneumoniae,Ceftriaxone,0,0.07929173969628563,NO_BACKGROUND_DRUGS,Weis-lr
f50d8e4f-34f0-4e3e-a82b-ca8c263ec8ef_3312,DRIAMS-D,2018,Klebsiella pneumoniae,Ceftriaxone,0,0.673088672702948,NO_BACKGROUND_DRUGS,Weis-lr
706254df-8df9-4e1f-a748-f4dfa27ea0c9_3312,DRIAMS-D,2018,Klebsiella pneumoniae,Ceftriaxone,0,0.1436649641935202,NO_BACKGROUND_DRUGS,Weis-lr
4a73c7e9-38ce-49a3-a1c3-4ea35797bc92_3312,DRIAMS-D,2018,Klebsiella pneumoniae,Ceftriaxone,0,0.7324438176119794,NO_BACKGROUND_DRUGS,Weis-lr
d63aa760-e3da-4dd0-96c0-e52295f51d0d_3312,DRIAMS-D,2018,Klebsiella pneumoniae,Ceftriaxone,0,0.20950278978141262,NO_BACKGROUND_DRUGS,Weis-lr
30cfd948-b1fe-4ea4-98ea-e42fe3dd7b46_3312,DRIAMS-D,2018,Klebsiella pneumoniae,Ceftriaxone,0,0.03115436626430115,NO_BACKGROUND_DRUGS,Weis-lr
b4300227-ae64-4993-8137-bd4190015f52_3312,DRIAMS-D,2018,Klebsiella pneumoniae,Ceftriaxone,0,0.04749538655381361,NO_BACKGROUND_DRUGS,Weis-lr
05f1d302-8f72-4a34-b7ba-202060d2d22b_3313,DRIAMS-D,2018,Klebsiella pneumoniae,Ceftriaxone,0,0.04388248034692834,NO_BACKGROUND_DRUGS,Weis-lr
12174a72-a998-47df-ab7d-69628672b2d8_3312,DRIAMS-D,2018,Klebsiella pneumoniae,Ceftriaxone,0,0.11490892113709948,NO_BACKGROUND_DRUGS,Weis-lr
6ee6899b-e227-47ae-9898-5440dab3306b_3312,DRIAMS-D,2018,Klebsiella pneumoniae,Ceftriaxone,1,0.3218039447000178,NO_BACKGROUND_DRUGS,Weis-lr
6ff0f591-6af0-4561-8a38-248685e4dc0b_3312,DRIAMS-D,2018,Klebsiella pneumoniae,Ceftriaxone,0,0.184968113035641,NO_BACKGROUND_DRUGS,Weis-lr
0d822ece-2078-4b21-aa64-d1147f92b384_3312,DRIAMS-D,2018,Klebsiella pneumoniae,Ceftriaxone,0,0.0765919719172866,NO_BACKGROUND_DRUGS,Weis-lr
42aaefe9-7f35-4d5e-8da0-651d41888fca_3312,DRIAMS-D,2018,Klebsiella pneumoniae,Ceftriaxone,0,0.10928539250402768,NO_BACKGROUND_DRUGS,Weis-lr
239232b6-b49f-400f-bfbb-a3808e4ff9ec_3312,DRIAMS-D,2018,Klebsiella pneumoniae,Ceftriaxone,0,0.03473063935793372,NO_BACKGROUND_DRUGS,Weis-lr
3e48c1f9-2be3-489e-a123-1f4c945aefe3_3312,DRIAMS-D,2018,Klebsiella pneumoniae,Ceftriaxone,1,0.3162925236963934,NO_BACKGROUND_DRUGS,Weis-lr
163388ab-bf1b-44fa-8cf1-8245c0bf435b_3313,DRIAMS-D,2018,Klebsiella pneumoniae,Ceftriaxone,0,0.08812913805814357,NO_BACKGROUND_DRUGS,Weis-lr
e5aa7fda-fa0b-48fd-b064-34717446a985_3312,DRIAMS-D,2018,Klebsiella pneumoniae,Ceftriaxone,0,0.40552117682075356,NO_BACKGROUND_DRUGS,Weis-lr
0a98ab32-dd38-4f08-ab32-f593bca94d4d_3312,DRIAMS-D,2018,Klebsiella pneumoniae,Ceftriaxone,1,0.11414958002924372,NO_BACKGROUND_DRUGS,Weis-lr
332ba776-a8a8-429b-9d95-83cc46f08ba6_3312,DRIAMS-D,2018,Klebsiella pneumoniae,Ceftriaxone,0,0.6531976213467744,NO_BACKGROUND_DRUGS,Weis-lr
bbb61b67-7e7f-49f2-a860-37908c56d4b2_3312,DRIAMS-D,2018,Klebsiella pneumoniae,Ceftriaxone,0,0.07152636388156271,NO_BACKGROUND_DRUGS,Weis-lr
55ddebe9-f795-4558-80cf-6454ed11337f_3312,DRIAMS-D,2018,Klebsiella pneumoniae,Ceftriaxone,0,0.23764543999052942,NO_BACKGROUND_DRUGS,Weis-lr
b97f7ac1-7500-4759-bfa0-46725641de38_3312,DRIAMS-D,2018,Klebsiella pneumoniae,Ceftriaxone,0,0.2245361149764564,NO_BACKGROUND_DRUGS,Weis-lr
e7847ce0-b340-4dfe-8d66-9efde5e327d6_3312,DRIAMS-D,2018,Klebsiella pneumoniae,Ceftriaxone,0,0.5031197112090416,NO_BACKGROUND_DRUGS,Weis-lr
2e53a7f3-5506-4850-9150-44ae52f8a66b_3312,DRIAMS-D,2018,Klebsiella pneumoniae,Ceftriaxone,0,0.22151915730323854,NO_BACKGROUND_DRUGS,Weis-lr
ea660cd7-ffe3-4f2a-a196-0008ff627624_3312,DRIAMS-D,2018,Klebsiella pneumoniae,Ceftriaxone,0,0.05271313289891769,NO_BACKGROUND_DRUGS,Weis-lr
f71a102a-5365-43af-a8c2-54fc3ff70724_3312,DRIAMS-D,2018,Klebsiella pneumoniae,Ceftriaxone,0,0.49361887217237665,NO_BACKGROUND_DRUGS,Weis-lr
a7fa343d-875f-4f60-81de-c3caf7c01dbe_3312,DRIAMS-D,2018,Klebsiella pneumoniae,Ceftriaxone,0,0.22934787937849554,NO_BACKGROUND_DRUGS,Weis-lr
2fdbf8e8-a325-465b-a3c6-6a60aaa2c8b5_3312,DRIAMS-D,2018,Klebsiella pneumoniae,Ceftriaxone,0,0.4236235604146096,NO_BACKGROUND_DRUGS,Weis-lr
f7545784-3d1f-4211-8987-7cb276da7450_3313,DRIAMS-D,2018,Klebsiella pneumoniae,Ceftriaxone,0,0.06771857773231894,NO_BACKGROUND_DRUGS,Weis-lr
1506a642-4c4f-4ff6-9b69-15d0aa46ac1a_3312,DRIAMS-D,2018,Klebsiella pneumoniae,Ceftriaxone,0,0.31202972174677124,NO_BACKGROUND_DRUGS,Weis-lr
5af6ca36-cf8e-43b2-9a05-988ecd628c27_3312,DRIAMS-D,2018,Klebsiella pneumoniae,Ceftriaxone,0,0.260042508125312,NO_BACKGROUND_DRUGS,Weis-lr
8d3ea37d-2615-46ec-a3d8-f8559506b08c_3312,DRIAMS-D,2018,Klebsiella pneumoniae,Ceftriaxone,0,0.054201698408361525,NO_BACKGROUND_DRUGS,Weis-lr
778ab85d-6167-4e9f-9ddb-6ff8ead7e48c_3312,DRIAMS-D,2018,Klebsiella pneumoniae,Ceftriaxone,0,0.25396830807594617,NO_BACKGROUND_DRUGS,Weis-lr
a9b62890-ea05-45c4-b490-b6bffe1fd6c2_3312,DRIAMS-D,2018,Klebsiella pneumoniae,Ceftriaxone,0,0.08885857024087397,NO_BACKGROUND_DRUGS,Weis-lr
a5c9291c-f6fb-462c-a7c7-88c0f110fd83_3312,DRIAMS-D,2018,Klebsiella pneumoniae,Ceftriaxone,0,0.24127979293111895,NO_BACKGROUND_DRUGS,Weis-lr
57540fb6-4809-4cdd-be36-f77ae3b0a271_3312,DRIAMS-D,2018,Klebsiella pneumoniae,Ceftriaxone,0,0.3252196078010567,NO_BACKGROUND_DRUGS,Weis-lr
87e0783a-b123-4e10-bfb2-c3529938bf9e_3312,DRIAMS-D,2018,Klebsiella pneumoniae,Ceftriaxone,0,0.16486825313579878,NO_BACKGROUND_DRUGS,Weis-lr
6840ab8f-6f30-4744-8c9d-2f7e12115c8c_3313,DRIAMS-D,2018,Klebsiella pneumoniae,Ceftriaxone,0,0.3896316646845267,NO_BACKGROUND_DRUGS,Weis-lr
8944a393-c713-4603-9ef9-0a48c9622126_3312,DRIAMS-D,2018,Klebsiella pneumoniae,Ceftriaxone,0,0.03841791711136382,NO_BACKGROUND_DRUGS,Weis-lr
a5ad6e8d-f364-442f-b4d5-f7d4cd897640_3313,DRIAMS-D,2018,Klebsiella pneumoniae,Ceftriaxone,0,0.2860713908426412,NO_BACKGROUND_DRUGS,Weis-lr
6972bd98-d533-4161-9dac-7b5ad5298800_3313,DRIAMS-D,2018,Klebsiella pneumoniae,Ceftriaxone,1,0.2958799077920504,NO_BACKGROUND_DRUGS,Weis-lr
52a319a9-03b4-49f9-94ee-3ac077d35b7b_3313,DRIAMS-D,2018,Klebsiella pneumoniae,Ceftriaxone,0,0.42792862988963465,NO_BACKGROUND_DRUGS,Weis-lr
618df74c-76ea-42ca-ae86-0c944c53e97a_3313,DRIAMS-D,2018,Klebsiella pneumoniae,Ceftriaxone,0,0.2761092139802656,NO_BACKGROUND_DRUGS,Weis-lr
a432cae7-4bda-40ef-99fa-5034a88030d3_3312,DRIAMS-D,2018,Klebsiella pneumoniae,Ceftriaxone,0,0.29903788238793905,NO_BACKGROUND_DRUGS,Weis-lr
2ab47d8f-e668-455f-9473-ebd0e7974fa2_3312,DRIAMS-D,2018,Klebsiella pneumoniae,Ceftriaxone,0,0.4569192129036666,NO_BACKGROUND_DRUGS,Weis-lr
53baa61f-6445-4910-b188-7a3269ef2845_3313,DRIAMS-D,2018,Klebsiella pneumoniae,Ceftriaxone,0,0.09891373313873938,NO_BACKGROUND_DRUGS,Weis-lr
93bc6a32-cff7-4ff2-b0d9-0b7784c066ec_3312,DRIAMS-D,2018,Klebsiella pneumoniae,Ceftriaxone,0,0.36656278589090596,NO_BACKGROUND_DRUGS,Weis-lr
93475c7b-dadd-4d50-b6d5-340a1439357e_3313,DRIAMS-D,2018,Klebsiella pneumoniae,Ceftriaxone,0,0.27327128711191995,NO_BACKGROUND_DRUGS,Weis-lr
339b2418-6a52-4368-af44-0b05fb1ead45_3313,DRIAMS-D,2018,Klebsiella pneumoniae,Ceftriaxone,1,0.21152285755872513,NO_BACKGROUND_DRUGS,Weis-lr
e9b17aa8-ac94-480b-841a-da6ea8d455c8_3312,DRIAMS-D,2018,Klebsiella pneumoniae,Ceftriaxone,0,0.17328686543884714,NO_BACKGROUND_DRUGS,Weis-lr
139032f6-06da-479f-89ac-8e98ca1d2a2f_3313,DRIAMS-D,2018,Klebsiella pneumoniae,Ceftriaxone,0,0.6945448082576203,NO_BACKGROUND_DRUGS,Weis-lr
dacfd3fa-cf29-45c8-9d8d-2e1cce680d75_3313,DRIAMS-D,2018,Klebsiella pneumoniae,Ceftriaxone,0,0.14960185410918878,NO_BACKGROUND_DRUGS,Weis-lr
ce3a2e46-6703-4cc4-aef8-aba9dcfa0982_3312,DRIAMS-D,2018,Klebsiella pneumoniae,Ceftriaxone,0,0.1460123815515068,NO_BACKGROUND_DRUGS,Weis-lr
25e62570-f74e-4719-84cf-1cb7f492d4fa_3312,DRIAMS-D,2018,Klebsiella pneumoniae,Ceftriaxone,0,0.135724868656032,NO_BACKGROUND_DRUGS,Weis-lr
48a607d1-3205-4199-9b83-b67c8c3370eb_3313,DRIAMS-D,2018,Klebsiella pneumoniae,Ceftriaxone,0,0.1526708197643246,NO_BACKGROUND_DRUGS,Weis-lr
371c66f9-e328-4cf0-a527-f8cf0466604b_3312,DRIAMS-D,2018,Klebsiella pneumoniae,Ceftriaxone,0,0.16020486514258842,NO_BACKGROUND_DRUGS,Weis-lr
4855e9a9-af3a-417d-a34d-42a57b988c3a_3312,DRIAMS-D,2018,Klebsiella pneumoniae,Ceftriaxone,0,0.18781559479639176,NO_BACKGROUND_DRUGS,Weis-lr
88c6406f-aa9c-405d-b6e9-37ea6ffb32e4_3313,DRIAMS-D,2018,Klebsiella pneumoniae,Ceftriaxone,0,0.03859075214633015,NO_BACKGROUND_DRUGS,Weis-lr
57e72bb1-4d9a-4829-929f-bffc517c2218_3312,DRIAMS-D,2018,Klebsiella pneumoniae,Ceftriaxone,0,0.36758216321362003,NO_BACKGROUND_DRUGS,Weis-lr
6fbb42a4-4941-45d3-ad00-d1563f0b36fa_3312,DRIAMS-D,2018,Klebsiella pneumoniae,Ceftriaxone,0,0.16565598044224594,NO_BACKGROUND_DRUGS,Weis-lr
f1fdca06-ba3a-44c0-b34b-802ca80dd6cf_3312,DRIAMS-D,2018,Klebsiella pneumoniae,Ceftriaxone,0,0.15902463470017733,NO_BACKGROUND_DRUGS,Weis-lr
b902cb30-60f5-493e-a368-d61c7e93b935_3313,DRIAMS-D,2018,Klebsiella pneumoniae,Ceftriaxone,0,0.24327668357526241,NO_BACKGROUND_DRUGS,Weis-lr
30839025-a3ce-4dd6-8a1b-ebdab3b3ec37_3312,DRIAMS-D,2018,Klebsiella pneumoniae,Ceftriaxone,0,0.1403419411056033,NO_BACKGROUND_DRUGS,Weis-lr
746afbb0-e97b-459b-9cf1-0cd186721788_3312,DRIAMS-D,2018,Klebsiella pneumoniae,Ceftriaxone,0,0.11996050062507949,NO_BACKGROUND_DRUGS,Weis-lr
e11d295c-4e62-4531-add7-a2f2765b87fd_3312,DRIAMS-D,2018,Klebsiella pneumoniae,Ceftriaxone,0,0.07805070403511122,NO_BACKGROUND_DRUGS,Weis-lr
8eaf14e8-47d4-43c4-ab18-ba8dea8c5e59_3312,DRIAMS-D,2018,Klebsiella pneumoniae,Ceftriaxone,0,0.06790061729927478,NO_BACKGROUND_DRUGS,Weis-lr
b822463a-64aa-4024-aeac-490f4302a373_3312,DRIAMS-D,2018,Klebsiella pneumoniae,Ceftriaxone,0,0.19172425168677856,NO_BACKGROUND_DRUGS,Weis-lr
904426ab-cf15-4191-a211-1fc251df3b13_3312,DRIAMS-D,2018,Klebsiella pneumoniae,Ceftriaxone,0,0.11226630094972938,NO_BACKGROUND_DRUGS,Weis-lr
95efa08a-7110-4dd1-b24f-e4b9386e1854_3313,DRIAMS-D,2018,Klebsiella pneumoniae,Ceftriaxone,0,0.15292519911454333,NO_BACKGROUND_DRUGS,Weis-lr
d98fac44-57a7-4abf-a0ff-bedef24372ac_3313,DRIAMS-D,2018,Klebsiella pneumoniae,Ceftriaxone,0,0.26227127957302493,NO_BACKGROUND_DRUGS,Weis-lr
acf4c33a-3465-46fa-88be-17e8902f4895_3313,DRIAMS-D,2018,Klebsiella pneumoniae,Ceftriaxone,0,0.6558914707522556,NO_BACKGROUND_DRUGS,Weis-lr
93cb44fd-c039-437c-8a95-737963220f22_3313,DRIAMS-D,2018,Klebsiella pneumoniae,Ceftriaxone,0,0.06621941367063701,NO_BACKGROUND_DRUGS,Weis-lr
8ebcaf25-1270-449a-bf3b-1ae05cd286b2_3313,DRIAMS-D,2018,Klebsiella pneumoniae,Ceftriaxone,0,0.23737201131897018,NO_BACKGROUND_DRUGS,Weis-lr
38b72455-f998-46ae-8636-e19257f0506c_3313,DRIAMS-D,2018,Klebsiella pneumoniae,Ceftriaxone,0,0.3881761769400169,NO_BACKGROUND_DRUGS,Weis-lr
f4a5b9ac-f530-4654-a73e-b93ca39a1d1e_3312,DRIAMS-D,2018,Klebsiella pneumoniae,Ceftriaxone,0,0.337271129043109,NO_BACKGROUND_DRUGS,Weis-lr
2dfee969-5125-4989-8f4a-61fead379d4a_3312,DRIAMS-D,2018,Klebsiella pneumoniae,Ceftriaxone,0,0.23936083638943767,NO_BACKGROUND_DRUGS,Weis-lr
de57c93f-f8a3-426b-86d1-a79b72e9eb22_3313,DRIAMS-D,2018,Klebsiella pneumoniae,Ceftriaxone,0,0.281214874646128,NO_BACKGROUND_DRUGS,Weis-lr
1449ad88-1e0c-474d-921c-bd93c6766c88_3313,DRIAMS-D,2018,Klebsiella pneumoniae,Ceftriaxone,0,0.26861643032636723,NO_BACKGROUND_DRUGS,Weis-lr
ff773f1b-ce34-4457-8b7a-228130b4aae8_3313,DRIAMS-D,2018,Klebsiella pneumoniae,Ceftriaxone,0,0.13659716522200743,NO_BACKGROUND_DRUGS,Weis-lr
3f13aba4-095d-4d54-a299-64d62ecbe73e_3312,DRIAMS-D,2018,Klebsiella pneumoniae,Ceftriaxone,0,0.1934649594930247,NO_BACKGROUND_DRUGS,Weis-lr
6b5fdbc2-46e4-49e3-9322-47ae9e8d2977_3313,DRIAMS-D,2018,Klebsiella pneumoniae,Ceftriaxone,0,0.11161106834769506,NO_BACKGROUND_DRUGS,Weis-lr
767dc002-d100-416a-a506-247ffe2a66be_3313,DRIAMS-D,2018,Klebsiella pneumoniae,Ceftriaxone,0,0.4467596654995763,NO_BACKGROUND_DRUGS,Weis-lr
5f1c783f-cd38-4635-955a-17b32e1d7689_3312,DRIAMS-D,2018,Klebsiella pneumoniae,Ceftriaxone,0,0.1456347135034435,NO_BACKGROUND_DRUGS,Weis-lr
ff5fdef0-9236-4d19-9873-d911f31d8170_3313,DRIAMS-D,2018,Klebsiella pneumoniae,Ceftriaxone,0,0.12561241911505924,NO_BACKGROUND_DRUGS,Weis-lr
0e96916a-9b61-4cd9-a97e-18dcf304c83f_3312,DRIAMS-D,2018,Klebsiella pneumoniae,Ceftriaxone,0,0.27424483644656517,NO_BACKGROUND_DRUGS,Weis-lr
a2b2f355-bf5a-4a6c-b568-577ec9b2a6fc_3312,DRIAMS-D,2018,Klebsiella pneumoniae,Ceftriaxone,0,0.06765965726060237,NO_BACKGROUND_DRUGS,Weis-lr
b3e7de9f-8533-43b8-8fcb-680d3254c2f5_3313,DRIAMS-D,2018,Klebsiella pneumoniae,Ceftriaxone,0,0.006820161490796671,NO_BACKGROUND_DRUGS,Weis-lr
0399a5de-a5aa-46c3-a18d-acf0471c0522_3313,DRIAMS-D,2018,Klebsiella pneumoniae,Ceftriaxone,0,0.06846103028698232,NO_BACKGROUND_DRUGS,Weis-lr
6eea5576-390d-4a1e-9fd6-60454b022a1e_3313,DRIAMS-D,2018,Klebsiella pneumoniae,Ceftriaxone,1,0.3977439669440108,NO_BACKGROUND_DRUGS,Weis-lr
45efddcd-5cb3-4640-bb45-65288555006c_3312,DRIAMS-D,2018,Klebsiella pneumoniae,Ceftriaxone,0,0.4491037267667402,NO_BACKGROUND_DRUGS,Weis-lr
d347c92a-65fc-4467-84e0-afd1e97d9e85_3313,DRIAMS-D,2018,Klebsiella pneumoniae,Ceftriaxone,0,0.4731606337846212,NO_BACKGROUND_DRUGS,Weis-lr
52f256e7-c42a-4aaa-9ff1-c2aa0f0c54b3_3313,DRIAMS-D,2018,Klebsiella pneumoniae,Ceftriaxone,0,0.3107807504358114,NO_BACKGROUND_DRUGS,Weis-lr
d87a195a-436a-4e34-93c6-99700f050565_3312,DRIAMS-D,2018,Klebsiella pneumoniae,Ceftriaxone,0,0.19996718755207474,NO_BACKGROUND_DRUGS,Weis-lr
aac84f79-d470-4cbc-af76-35bf2abe00cb_3313,DRIAMS-D,2018,Klebsiella pneumoniae,Ceftriaxone,0,0.029214911132601086,NO_BACKGROUND_DRUGS,Weis-lr
d9109f20-8a38-47dd-b063-b6daf1cb4482_3313,DRIAMS-D,2018,Klebsiella pneumoniae,Ceftriaxone,1,0.1671807103816654,NO_BACKGROUND_DRUGS,Weis-lr
cb32bda4-995e-4108-a8db-9b9efb7373f5_3312,DRIAMS-D,2018,Klebsiella pneumoniae,Ceftriaxone,0,0.29277605836022186,NO_BACKGROUND_DRUGS,Weis-lr
0b790533-5aa3-4362-a01a-d1232857724e_3313,DRIAMS-D,2018,Klebsiella pneumoniae,Ceftriaxone,0,0.6677856352502941,NO_BACKGROUND_DRUGS,Weis-lr
a0268bd5-d7e8-40b0-a5f9-376f004fd361_3312,DRIAMS-D,2018,Klebsiella pneumoniae,Ceftriaxone,1,0.5200050105259482,NO_BACKGROUND_DRUGS,Weis-lr
cd0f6a6c-8a73-47f3-91fb-67c86e72ad4b_3312,DRIAMS-D,2018,Klebsiella pneumoniae,Ceftriaxone,0,0.17971128730104685,NO_BACKGROUND_DRUGS,Weis-lr
d051588c-6e4c-4c56-b961-e23b7287e398_3312,DRIAMS-D,2018,Klebsiella pneumoniae,Ceftriaxone,0,0.02551246560927272,NO_BACKGROUND_DRUGS,Weis-lr
8f3fb97e-9efa-44b8-bb43-e4a0f972a20e_3312,DRIAMS-D,2018,Klebsiella pneumoniae,Ceftriaxone,0,0.1303168250053706,NO_BACKGROUND_DRUGS,Weis-lr
3be6f4a2-db8a-4d5d-96c8-457bdf0923fd_3313,DRIAMS-D,2018,Klebsiella pneumoniae,Ceftriaxone,0,0.2107957017473872,NO_BACKGROUND_DRUGS,Weis-lr
200bca73-c8fb-4d68-887c-d42a411a407e_3312,DRIAMS-D,2018,Klebsiella pneumoniae,Ceftriaxone,0,0.33149458894799033,NO_BACKGROUND_DRUGS,Weis-lr
ab91d926-83b3-40e6-9f8e-b72cd735530b_3312,DRIAMS-D,2018,Klebsiella pneumoniae,Ceftriaxone,0,0.44964278235258176,NO_BACKGROUND_DRUGS,Weis-lr
4e78e604-9d49-453f-8f27-5765d718de79_3312,DRIAMS-D,2018,Klebsiella pneumoniae,Ceftriaxone,0,0.24194217077185354,NO_BACKGROUND_DRUGS,Weis-lr
75daa7cc-62c3-4be4-9f3d-5922d7092a88_3313,DRIAMS-D,2018,Klebsiella pneumoniae,Ceftriaxone,0,0.0985397247089109,NO_BACKGROUND_DRUGS,Weis-lr
175d5eea-b88c-4888-9432-0fcf13398fbe_3313,DRIAMS-D,2018,Klebsiella pneumoniae,Ceftriaxone,0,0.48147928407176394,NO_BACKGROUND_DRUGS,Weis-lr
998a8687-717a-46b5-b29f-79bf6213e299_3313,DRIAMS-D,2018,Klebsiella pneumoniae,Ceftriaxone,0,0.11503377230339713,NO_BACKGROUND_DRUGS,Weis-lr
ad26f772-7fb1-4b3f-b817-e22ecf66da90_3312,DRIAMS-D,2018,Klebsiella pneumoniae,Ceftriaxone,0,0.32038900805532144,NO_BACKGROUND_DRUGS,Weis-lr
3fe58806-62da-487f-9814-70cf1c8ef313_3312,DRIAMS-D,2018,Klebsiella pneumoniae,Ceftriaxone,0,0.050448674655260026,NO_BACKGROUND_DRUGS,Weis-lr
c5aa996c-1ed6-4b12-813a-72fc18fda12b_3313,DRIAMS-D,2018,Klebsiella pneumoniae,Ceftriaxone,0,0.024180990096279827,NO_BACKGROUND_DRUGS,Weis-lr
15e1906d-8c21-4dc6-9ec0-91a5f6fd1b47_3312,DRIAMS-D,2018,Klebsiella pneumoniae,Ceftriaxone,0,0.04587162788703017,NO_BACKGROUND_DRUGS,Weis-lr
60f66146-f184-4c62-87c5-eba5f1e9514f_3312,DRIAMS-D,2018,Klebsiella pneumoniae,Ceftriaxone,0,0.24087976914717674,NO_BACKGROUND_DRUGS,Weis-lr
6240c73b-4a3f-4e1e-9153-d29be6081b40_3312,DRIAMS-D,2018,Klebsiella pneumoniae,Ceftriaxone,0,0.24451196776419953,NO_BACKGROUND_DRUGS,Weis-lr
a57eafe7-05a1-4980-87ca-aec7440665f9_3313,DRIAMS-D,2018,Klebsiella pneumoniae,Ceftriaxone,0,0.4844028265959501,NO_BACKGROUND_DRUGS,Weis-lr
9e0422e1-a552-45c3-b55a-b5a41a9b56ed_3312,DRIAMS-D,2018,Klebsiella pneumoniae,Ceftriaxone,0,0.2473022087642726,NO_BACKGROUND_DRUGS,Weis-lr
09e7d3b8-a636-4e69-95c2-ebdfe395297b_3312,DRIAMS-D,2018,Klebsiella pneumoniae,Ceftriaxone,0,0.3924661196079619,NO_BACKGROUND_DRUGS,Weis-lr
9930ba24-5d21-4e4a-b96a-d3dd03951e5a_3312,DRIAMS-D,2018,Klebsiella pneumoniae,Ceftriaxone,0,0.16196176196883622,NO_BACKGROUND_DRUGS,Weis-lr
604eb12c-7c7d-4721-bfde-3744db618015_3312,DRIAMS-D,2018,Klebsiella pneumoniae,Ceftriaxone,0,0.3046684567600604,NO_BACKGROUND_DRUGS,Weis-lr
63fd8dff-e49b-4374-8dc2-ba660d481426_3313,DRIAMS-D,2018,Klebsiella pneumoniae,Ceftriaxone,0,0.2941983731364254,NO_BACKGROUND_DRUGS,Weis-lr
046116c7-041c-4eee-869b-8be67d3fa68a_3312,DRIAMS-D,2018,Klebsiella pneumoniae,Ceftriaxone,0,0.12618016593504763,NO_BACKGROUND_DRUGS,Weis-lr
694ae85d-42e9-4a80-a49a-50a671addfb0_3313,DRIAMS-D,2018,Klebsiella pneumoniae,Ceftriaxone,0,0.6062879592225378,NO_BACKGROUND_DRUGS,Weis-lr
c53834d5-92c8-455a-9c37-2ead0b824c5f_3313,DRIAMS-D,2018,Klebsiella pneumoniae,Ceftriaxone,0,0.18205936888002935,NO_BACKGROUND_DRUGS,Weis-lr
8bcef5f0-6ddd-444c-b788-5c652775444b_3312,DRIAMS-D,2018,Klebsiella pneumoniae,Ceftriaxone,0,0.09126092488632517,NO_BACKGROUND_DRUGS,Weis-lr
2379e4ea-a5ce-4a69-a0e0-dc1c4fafd494_3313,DRIAMS-D,2018,Klebsiella pneumoniae,Ceftriaxone,0,0.0849497178443178,NO_BACKGROUND_DRUGS,Weis-lr
15a02fef-06dc-4a91-afa8-fbbaa3a294dd_3313,DRIAMS-D,2018,Klebsiella pneumoniae,Ceftriaxone,1,0.16814832123047982,NO_BACKGROUND_DRUGS,Weis-lr
9f0f6e85-b151-4085-9d40-21f31077d27a_3313,DRIAMS-D,2018,Klebsiella pneumoniae,Ceftriaxone,0,0.18818153314146768,NO_BACKGROUND_DRUGS,Weis-lr
2ada7d37-5e2f-4c27-b195-3d2e2fb6e08e_3312,DRIAMS-D,2018,Klebsiella pneumoniae,Ceftriaxone,0,0.19695940647762714,NO_BACKGROUND_DRUGS,Weis-lr
7ce1ba79-88cd-4791-945b-a88b0ef874d7_3313,DRIAMS-D,2018,Klebsiella pneumoniae,Ceftriaxone,0,0.44747859572111265,NO_BACKGROUND_DRUGS,Weis-lr
b1f515f5-a5df-4727-b76e-1fdb0e3dc2ca_3313,DRIAMS-D,2018,Klebsiella pneumoniae,Ceftriaxone,0,0.1028723098179568,NO_BACKGROUND_DRUGS,Weis-lr
829dc944-f840-4846-86a7-7bf49124049a_3312,DRIAMS-D,2018,Klebsiella pneumoniae,Ceftriaxone,0,0.022334091313103363,NO_BACKGROUND_DRUGS,Weis-lr
675b2c70-56b0-4ced-a522-f24971d65978_3312,DRIAMS-D,2018,Klebsiella pneumoniae,Ceftriaxone,1,0.3605178686997884,NO_BACKGROUND_DRUGS,Weis-lr
24efe341-4923-42ac-baaa-2276a68bc92e_3313,DRIAMS-D,2018,Klebsiella pneumoniae,Ceftriaxone,0,0.052020853931606215,NO_BACKGROUND_DRUGS,Weis-lr
565af797-8024-4f78-b173-ef77736a3867_3312,DRIAMS-D,2018,Klebsiella pneumoniae,Ceftriaxone,0,0.24288812735963894,NO_BACKGROUND_DRUGS,Weis-lr
6e023d80-b7b7-4f7c-81fd-7c283cea79df_3312,DRIAMS-D,2018,Klebsiella pneumoniae,Ceftriaxone,0,0.21805074967607846,NO_BACKGROUND_DRUGS,Weis-lr
d379d062-49b1-42ba-93cb-5f00aa4765ba_3312,DRIAMS-D,2018,Klebsiella pneumoniae,Ceftriaxone,0,0.3246847184338292,NO_BACKGROUND_DRUGS,Weis-lr
cbe59653-df81-4cf2-9d30-74b2c604a4d7_3312,DRIAMS-D,2018,Klebsiella pneumoniae,Ceftriaxone,0,0.13337808778760296,NO_BACKGROUND_DRUGS,Weis-lr
c6675374-0571-4623-bf4e-601687ae40b9_3312,DRIAMS-D,2018,Klebsiella pneumoniae,Ceftriaxone,0,0.27878847485998504,NO_BACKGROUND_DRUGS,Weis-lr
78e3e8fd-37fe-4a23-a451-45aa183a7c49_3312,DRIAMS-D,2018,Klebsiella pneumoniae,Ceftriaxone,0,0.09781620912332806,NO_BACKGROUND_DRUGS,Weis-lr
1f573b9f-211c-43a0-8c9f-2d123673855c_3312,DRIAMS-D,2018,Klebsiella pneumoniae,Ceftriaxone,0,0.1581544419703317,NO_BACKGROUND_DRUGS,Weis-lr
4a2f2ec3-f44e-41a9-a8be-22d451d85ed6_3312,DRIAMS-D,2018,Klebsiella pneumoniae,Ceftriaxone,0,0.029721471721432455,NO_BACKGROUND_DRUGS,Weis-lr
789d9d54-a044-4dc1-97fc-12083db50bed_3312,DRIAMS-D,2018,Klebsiella pneumoniae,Ceftriaxone,0,0.36699052463385357,NO_BACKGROUND_DRUGS,Weis-lr
5809e39e-5fff-49b7-8bc1-aac4aa64ab86_3312,DRIAMS-D,2018,Klebsiella pneumoniae,Ceftriaxone,1,0.06400287203104112,NO_BACKGROUND_DRUGS,Weis-lr
a8b3e96b-9561-47f7-8a7f-a62e8b3316ae_3312,DRIAMS-D,2018,Klebsiella pneumoniae,Ceftriaxone,0,0.301852476832835,NO_BACKGROUND_DRUGS,Weis-lr
7066e1e8-2c2c-4f19-b05b-3934d05eb0f6_3312,DRIAMS-D,2018,Klebsiella pneumoniae,Ceftriaxone,0,0.3295396348638158,NO_BACKGROUND_DRUGS,Weis-lr
272cfb67-8b80-4126-8d03-1eb730cf25b2_3312,DRIAMS-D,2018,Klebsiella pneumoniae,Ceftriaxone,0,0.19862746024284678,NO_BACKGROUND_DRUGS,Weis-lr
d8a93871-df6d-4784-9a0a-20e75c9c94ec_3313,DRIAMS-D,2018,Klebsiella pneumoniae,Ceftriaxone,0,0.5906771768705568,NO_BACKGROUND_DRUGS,Weis-lr
ae30e4e0-50d1-46cf-bfe4-5b61185a13e3_3312,DRIAMS-D,2018,Klebsiella pneumoniae,Ceftriaxone,0,0.32778728485432435,NO_BACKGROUND_DRUGS,Weis-lr
8b69add4-54b3-4f90-8c83-3488b27e18e9_3313,DRIAMS-D,2018,Klebsiella pneumoniae,Ceftriaxone,0,0.350895752914449,NO_BACKGROUND_DRUGS,Weis-lr
ebe9f038-5b83-4f04-b9cf-8dd3b88e31a5_3313,DRIAMS-D,2018,Klebsiella pneumoniae,Ceftriaxone,0,0.2233992489309166,NO_BACKGROUND_DRUGS,Weis-lr
829fbca0-51cd-488f-9578-b6638eea2d0e_3312,DRIAMS-D,2018,Klebsiella pneumoniae,Ceftriaxone,0,0.2625074526525448,NO_BACKGROUND_DRUGS,Weis-lr
39ca05db-09ec-42e8-9757-6558f1f2ffa1_3312,DRIAMS-D,2018,Klebsiella pneumoniae,Ceftriaxone,0,0.20063752166612103,NO_BACKGROUND_DRUGS,Weis-lr
d9df0847-1886-4a57-a223-ad9faa8fbaa4_3313,DRIAMS-D,2018,Klebsiella pneumoniae,Ceftriaxone,1,0.20053486460782882,NO_BACKGROUND_DRUGS,Weis-lr
dfca07bd-8b7e-42a5-b07e-9008319bc07b_3313,DRIAMS-D,2018,Klebsiella pneumoniae,Ceftriaxone,0,0.006673210053429548,NO_BACKGROUND_DRUGS,Weis-lr
eb5e8978-16d9-4367-8383-23e5ebfd34bc_3313,DRIAMS-D,2018,Klebsiella pneumoniae,Ceftriaxone,0,0.29367702682747204,NO_BACKGROUND_DRUGS,Weis-lr
ff99a193-ac16-44fb-8560-b47841c81b3d_3312,DRIAMS-D,2018,Klebsiella pneumoniae,Ceftriaxone,0,0.3234830779611217,NO_BACKGROUND_DRUGS,Weis-lr
24293923-5f99-4baf-b806-8d6225a90c28_3312,DRIAMS-D,2018,Klebsiella pneumoniae,Ceftriaxone,0,0.23370314375716966,NO_BACKGROUND_DRUGS,Weis-lr
d1c58440-b026-4d49-98cd-4c15329a5591_3312,DRIAMS-D,2018,Klebsiella pneumoniae,Ceftriaxone,0,0.26142491262873735,NO_BACKGROUND_DRUGS,Weis-lr
6df29f78-e9d8-4222-994b-d279d433ec38_3313,DRIAMS-D,2018,Klebsiella pneumoniae,Ceftriaxone,0,0.0858878190360846,NO_BACKGROUND_DRUGS,Weis-lr
87dbd145-4af5-4fc3-82ef-46f6bd034552_3312,DRIAMS-D,2018,Klebsiella pneumoniae,Ceftriaxone,0,0.1512256503073705,NO_BACKGROUND_DRUGS,Weis-lr
3b132109-91c0-4bd0-9d0b-a2fd94d12286_3312,DRIAMS-D,2018,Klebsiella pneumoniae,Ceftriaxone,0,0.22814464069021526,NO_BACKGROUND_DRUGS,Weis-lr
8829185e-7548-4b79-80df-a894fd8eaa4a_3312,DRIAMS-D,2018,Klebsiella pneumoniae,Ceftriaxone,0,0.2523842029414606,NO_BACKGROUND_DRUGS,Weis-lr
14392eb7-abfe-4d74-ae4b-3b4cd1aad099_3312,DRIAMS-D,2018,Klebsiella pneumoniae,Ceftriaxone,0,0.602303554782277,NO_BACKGROUND_DRUGS,Weis-lr
7ab379e8-a1bb-4b6b-a155-d1d568b2f146_3312,DRIAMS-D,2018,Klebsiella pneumoniae,Ceftriaxone,0,0.18915921555281404,NO_BACKGROUND_DRUGS,Weis-lr
8eb8ca76-9f83-47cd-9073-17c0df262e0f_3312,DRIAMS-D,2018,Klebsiella pneumoniae,Ceftriaxone,0,0.318282250371468,NO_BACKGROUND_DRUGS,Weis-lr
d7a06c17-eb45-4868-9296-0123d6c63eb1_3312,DRIAMS-D,2018,Klebsiella pneumoniae,Ceftriaxone,0,0.5306175845531277,NO_BACKGROUND_DRUGS,Weis-lr
1270eaaa-c33c-41f4-8748-31ae501f6624_3313,DRIAMS-D,2018,Klebsiella pneumoniae,Ceftriaxone,0,0.028938903205041295,NO_BACKGROUND_DRUGS,Weis-lr
fa14756f-9350-491a-9c79-365b257f326a_3313,DRIAMS-D,2018,Klebsiella pneumoniae,Ceftriaxone,0,0.05452627167387349,NO_BACKGROUND_DRUGS,Weis-lr
b6ea741b-d8f9-4e8e-97b3-a3b21a21dd0d_3312,DRIAMS-D,2018,Klebsiella pneumoniae,Ceftriaxone,0,0.14259013094336143,NO_BACKGROUND_DRUGS,Weis-lr
ef45af27-d099-42fa-8565-b01cd4c403b7_3312,DRIAMS-D,2018,Klebsiella pneumoniae,Ceftriaxone,0,0.03519939999280798,NO_BACKGROUND_DRUGS,Weis-lr
75c248da-cee5-4df9-8c27-38ec987bdbb0_3312,DRIAMS-D,2018,Klebsiella pneumoniae,Ceftriaxone,0,0.14838940094916334,NO_BACKGROUND_DRUGS,Weis-lr
751b2973-e57b-476d-9440-fcc34c0697dd_3312,DRIAMS-D,2018,Klebsiella pneumoniae,Ceftriaxone,0,0.07339645974783984,NO_BACKGROUND_DRUGS,Weis-lr
f04e7b9b-41c3-45de-b167-4ce6648e5fed_3312,DRIAMS-D,2018,Klebsiella pneumoniae,Ceftriaxone,0,0.198490933327194,NO_BACKGROUND_DRUGS,Weis-lr
a57fd7e0-c46c-457a-9140-0c407e514b3f_3313,DRIAMS-D,2018,Klebsiella pneumoniae,Ceftriaxone,0,0.38146407325494,NO_BACKGROUND_DRUGS,Weis-lr
f9d599ea-4a6e-488f-bb36-dac40b00ad8d_3312,DRIAMS-D,2018,Klebsiella pneumoniae,Ceftriaxone,0,0.1028211630018712,NO_BACKGROUND_DRUGS,Weis-lr
739720d5-8c6e-4624-bb00-cf74d32c5af7_3313,DRIAMS-D,2018,Klebsiella pneumoniae,Ceftriaxone,0,0.5207900051117806,NO_BACKGROUND_DRUGS,Weis-lr
c6649181-0bcd-4294-ade2-70e0fa5c0ba9_3312,DRIAMS-D,2018,Klebsiella pneumoniae,Ceftriaxone,0,0.10022202247732186,NO_BACKGROUND_DRUGS,Weis-lr
990a7d6d-d7c7-4b67-b3f6-ad97683874e4_3312,DRIAMS-D,2018,Klebsiella pneumoniae,Ceftriaxone,0,0.2507779308731463,NO_BACKGROUND_DRUGS,Weis-lr
c576424c-1c80-4915-ab46-c089c3aa7341_3312,DRIAMS-D,2018,Klebsiella pneumoniae,Ceftriaxone,0,0.08153669803845352,NO_BACKGROUND_DRUGS,Weis-lr
e099b2ed-c17e-47ca-babc-a171dbc8981b_3312,DRIAMS-D,2018,Klebsiella pneumoniae,Ceftriaxone,0,0.3377476944540173,NO_BACKGROUND_DRUGS,Weis-lr
bc308f6d-bee5-4581-9537-31cd8a7ccacb_3312,DRIAMS-D,2018,Klebsiella pneumoniae,Ceftriaxone,0,0.02508588524500688,NO_BACKGROUND_DRUGS,Weis-lr
ff58f2a6-b088-4b67-aaf0-b0a6fc989df5_3312,DRIAMS-D,2018,Klebsiella pneumoniae,Ceftriaxone,0,0.2341554222502427,NO_BACKGROUND_DRUGS,Weis-lr
e89e3703-9b77-4e9c-9bb5-3be3acd3d6fc_3312,DRIAMS-D,2018,Klebsiella pneumoniae,Ceftriaxone,0,0.08209606026432095,NO_BACKGROUND_DRUGS,Weis-lr
ca7f27ea-cf82-4913-9787-b4ed5f2c091b_3312,DRIAMS-D,2018,Klebsiella pneumoniae,Ceftriaxone,0,0.1384935127026192,NO_BACKGROUND_DRUGS,Weis-lr
a23e9075-ed14-4d27-b378-c0dd334f1117_3313,DRIAMS-D,2018,Klebsiella pneumoniae,Ceftriaxone,0,0.2709165789128399,NO_BACKGROUND_DRUGS,Weis-lr
0f43107f-8310-4e24-8d93-70285a1a1282_3312,DRIAMS-D,2018,Klebsiella pneumoniae,Ceftriaxone,0,0.17911083899039262,NO_BACKGROUND_DRUGS,Weis-lr
488d0af4-4ac1-4b6d-9ad8-884066236435_3313,DRIAMS-D,2018,Klebsiella pneumoniae,Ceftriaxone,0,0.14906044738059984,NO_BACKGROUND_DRUGS,Weis-lr
6aed3699-4326-4836-bc41-ca014ff23914_3313,DRIAMS-D,2018,Klebsiella pneumoniae,Ceftriaxone,0,0.3428656883286838,NO_BACKGROUND_DRUGS,Weis-lr
875f24d2-ba3d-4fce-9bf6-bef2acb94c49_3313,DRIAMS-D,2018,Klebsiella pneumoniae,Ceftriaxone,0,0.3649213686521669,NO_BACKGROUND_DRUGS,Weis-lr
d9e6cb9c-c9e8-4005-8816-01528329a77d_3313,DRIAMS-D,2018,Klebsiella pneumoniae,Ceftriaxone,0,0.6607128192427573,NO_BACKGROUND_DRUGS,Weis-lr
df22cd2d-5eb9-494a-a822-09e20ba70ddb_3313,DRIAMS-D,2018,Klebsiella pneumoniae,Ceftriaxone,0,0.10256895115495944,NO_BACKGROUND_DRUGS,Weis-lr
1ebff08f-8923-472d-bdfd-b810d75352d0_3312,DRIAMS-D,2018,Klebsiella pneumoniae,Ceftriaxone,0,0.14551560190436655,NO_BACKGROUND_DRUGS,Weis-lr
9e324056-ee3f-485b-9b24-78e8cfb6da47_3312,DRIAMS-D,2018,Klebsiella pneumoniae,Ceftriaxone,0,0.2792689509492468,NO_BACKGROUND_DRUGS,Weis-lr
de66a24d-c738-40fb-8401-5e04a210ef94_3312,DRIAMS-D,2018,Klebsiella pneumoniae,Ceftriaxone,0,0.2479662241586385,NO_BACKGROUND_DRUGS,Weis-lr
fbcd2029-de4b-4a89-bbd9-46bd3cbf573c_3312,DRIAMS-D,2018,Klebsiella pneumoniae,Ceftriaxone,0,0.1730475000582409,NO_BACKGROUND_DRUGS,Weis-lr
56bd4c68-1416-4526-a45e-d1c8c18bcd6a_3312,DRIAMS-D,2018,Klebsiella pneumoniae,Ceftriaxone,0,0.13805924257410587,NO_BACKGROUND_DRUGS,Weis-lr
b7a305dd-048a-4e92-93d6-9595bb063dde_3312,DRIAMS-D,2018,Klebsiella pneumoniae,Ceftriaxone,0,0.26854981296569397,NO_BACKGROUND_DRUGS,Weis-lr
ff3922b1-3930-4ab7-9dfb-c25f7b0ff61c_3313,DRIAMS-D,2018,Klebsiella pneumoniae,Ceftriaxone,0,0.1764322612983643,NO_BACKGROUND_DRUGS,Weis-lr
a056ba9e-ec51-4744-b0b0-4c2cc2d24b13_3312,DRIAMS-D,2018,Klebsiella pneumoniae,Ceftriaxone,1,0.21801139165941819,NO_BACKGROUND_DRUGS,Weis-lr
47312332-d8fe-42ac-9aeb-7db4c0ad08d4_3312,DRIAMS-D,2018,Klebsiella pneumoniae,Ceftriaxone,0,0.05674072276227661,NO_BACKGROUND_DRUGS,Weis-lr
ec02af2f-aa1b-4301-8108-7fc9551d0215_3313,DRIAMS-D,2018,Klebsiella pneumoniae,Ceftriaxone,0,0.05086741112382064,NO_BACKGROUND_DRUGS,Weis-lr
d3b819ba-6be5-42a8-a735-f1cc9d2903dc_3312,DRIAMS-D,2018,Klebsiella pneumoniae,Ceftriaxone,0,0.36131374739865335,NO_BACKGROUND_DRUGS,Weis-lr
9e0296dc-6470-4273-bb61-c035723c5bb0_3313,DRIAMS-D,2018,Klebsiella pneumoniae,Ceftriaxone,0,0.11476113256457089,NO_BACKGROUND_DRUGS,Weis-lr
d065c79e-5a59-483d-84e1-aa0c41f8afb7_3313,DRIAMS-D,2018,Klebsiella pneumoniae,Ceftriaxone,0,0.024084452338688313,NO_BACKGROUND_DRUGS,Weis-lr
af875530-0504-48e6-97e0-8ffcb6f1f3f6_3313,DRIAMS-D,2018,Klebsiella pneumoniae,Ceftriaxone,0,0.2373881085824018,NO_BACKGROUND_DRUGS,Weis-lr
5a041a91-2d02-4fa1-99e5-7cd028f7c66f_3312,DRIAMS-D,2018,Klebsiella pneumoniae,Ceftriaxone,0,0.0926277446993903,NO_BACKGROUND_DRUGS,Weis-lr
5a4ee5e9-8df9-44ad-a39a-098f0d9331c0_3312,DRIAMS-D,2018,Klebsiella pneumoniae,Ceftriaxone,0,0.18057564268997423,NO_BACKGROUND_DRUGS,Weis-lr
14c17a79-f517-411a-ba1e-f7e4d2fc311e_3312,DRIAMS-D,2018,Klebsiella pneumoniae,Ceftriaxone,0,0.09253453208707481,NO_BACKGROUND_DRUGS,Weis-lr
19f9d099-b5a1-44e4-a593-ceb1617c0d45_3313,DRIAMS-D,2018,Klebsiella pneumoniae,Ceftriaxone,0,0.03663627342248614,NO_BACKGROUND_DRUGS,Weis-lr
8ad3dc3e-6567-4269-a03e-05bd221d48e1_3313,DRIAMS-D,2018,Klebsiella pneumoniae,Ceftriaxone,0,0.5062025407931283,NO_BACKGROUND_DRUGS,Weis-lr
50c09e49-151e-4435-94c5-956bd899d8ff_3312,DRIAMS-D,2018,Klebsiella pneumoniae,Ceftriaxone,0,0.5141491973037969,NO_BACKGROUND_DRUGS,Weis-lr
dfcc238a-e3d5-4033-9814-40d19efff8df_3312,DRIAMS-D,2018,Klebsiella pneumoniae,Ceftriaxone,0,0.2778362320055076,NO_BACKGROUND_DRUGS,Weis-lr
ac1890e5-8e99-4020-8490-ca0941af3122_3313,DRIAMS-D,2018,Klebsiella pneumoniae,Ceftriaxone,1,0.6341711144333018,NO_BACKGROUND_DRUGS,Weis-lr
72ded88b-fbf7-41a8-9d55-b9eb879c2f99_3312,DRIAMS-D,2018,Klebsiella pneumoniae,Ceftriaxone,0,0.28549820583800245,NO_BACKGROUND_DRUGS,Weis-lr
cd8e4259-6e17-4eda-9d9f-3df554f0a6af_3313,DRIAMS-D,2018,Klebsiella pneumoniae,Ceftriaxone,0,0.14595417720968384,NO_BACKGROUND_DRUGS,Weis-lr
e845417f-a72c-4340-b431-94a9e8c859a9_3313,DRIAMS-D,2018,Klebsiella pneumoniae,Ceftriaxone,0,0.05994784666768769,NO_BACKGROUND_DRUGS,Weis-lr
3ebfe34f-4594-4492-9c55-b722a85073df_3312,DRIAMS-D,2018,Klebsiella pneumoniae,Ceftriaxone,0,0.49259228937252414,NO_BACKGROUND_DRUGS,Weis-lr
68dfdec2-0337-415a-b9d1-9502e180eaa2_3313,DRIAMS-D,2018,Klebsiella pneumoniae,Ceftriaxone,0,0.03005011831589987,NO_BACKGROUND_DRUGS,Weis-lr
76cd3c5d-b0f6-46ff-b3a4-edcc48857d1f_3313,DRIAMS-D,2018,Klebsiella pneumoniae,Ceftriaxone,0,0.5201625447505286,NO_BACKGROUND_DRUGS,Weis-lr
c9609475-ce44-42a0-95d7-be2d286dd5df_3312,DRIAMS-D,2018,Klebsiella pneumoniae,Ceftriaxone,0,0.3167062087009853,NO_BACKGROUND_DRUGS,Weis-lr
9a1257f4-67a4-40ac-9288-034919d190b5_3313,DRIAMS-D,2018,Klebsiella pneumoniae,Ceftriaxone,0,0.3639141634669376,NO_BACKGROUND_DRUGS,Weis-lr
88922c33-9f38-412b-98d5-644e691e10ad_3312,DRIAMS-D,2018,Klebsiella pneumoniae,Ceftriaxone,0,0.2739843183072005,NO_BACKGROUND_DRUGS,Weis-lr
ac769d29-618f-40a3-a582-9db56535059c_3312,DRIAMS-D,2018,Klebsiella pneumoniae,Ceftriaxone,0,0.536984229953931,NO_BACKGROUND_DRUGS,Weis-lr
6b6a833c-c116-4214-893e-e428efd9cfa3_3313,DRIAMS-D,2018,Klebsiella pneumoniae,Ceftriaxone,0,0.22952157681322966,NO_BACKGROUND_DRUGS,Weis-lr
c52b46cf-6b79-4ac0-8d26-de6c9d063c13_3312,DRIAMS-D,2018,Klebsiella pneumoniae,Ceftriaxone,0,0.23768363829125788,NO_BACKGROUND_DRUGS,Weis-lr
b995f1bd-c1a5-47c9-bf87-8d971d61330a_3312,DRIAMS-D,2018,Klebsiella pneumoniae,Ceftriaxone,0,0.09783528093642359,NO_BACKGROUND_DRUGS,Weis-lr
0ba8a4e7-ae76-458b-9b8a-e4cc5c01e444_3312,DRIAMS-D,2018,Klebsiella pneumoniae,Ceftriaxone,0,0.17585506165981396,NO_BACKGROUND_DRUGS,Weis-lr
a5f82b48-d6e4-410f-9e27-6f7fc5829c00_3313,DRIAMS-D,2018,Klebsiella pneumoniae,Ceftriaxone,0,0.4492171556490232,NO_BACKGROUND_DRUGS,Weis-lr
4c7e95cc-45e3-44eb-9e78-198a7ddf5210_3312,DRIAMS-D,2018,Klebsiella pneumoniae,Ceftriaxone,0,0.0725669999853148,NO_BACKGROUND_DRUGS,Weis-lr
3a063da4-6faa-44fd-90c2-d2a582e460f5_3312,DRIAMS-D,2018,Klebsiella pneumoniae,Ceftriaxone,0,0.1699574980460817,NO_BACKGROUND_DRUGS,Weis-lr
420dfac1-e7b2-4b7c-a3b4-eb63d9801e20_3312,DRIAMS-D,2018,Klebsiella pneumoniae,Ceftriaxone,0,0.43975110469977746,NO_BACKGROUND_DRUGS,Weis-lr
b683d2c0-a7c6-49c2-9c8a-46823c79c4d4_3313,DRIAMS-D,2018,Klebsiella pneumoniae,Ceftriaxone,0,0.12413060319064559,NO_BACKGROUND_DRUGS,Weis-lr
27aff4b4-8af5-40f1-a939-4631277352a9_3312,DRIAMS-D,2018,Klebsiella pneumoniae,Ceftriaxone,0,0.17407994230647442,NO_BACKGROUND_DRUGS,Weis-lr
a864a645-c16f-4134-985a-fb59e1843a90_3313,DRIAMS-D,2018,Klebsiella pneumoniae,Ceftriaxone,0,0.3273792822182961,NO_BACKGROUND_DRUGS,Weis-lr
9cd4d452-7910-487b-b935-44993b1464c1_3312,DRIAMS-D,2018,Klebsiella pneumoniae,Ceftriaxone,0,0.09014982448455008,NO_BACKGROUND_DRUGS,Weis-lr
9911e964-0450-4458-91c6-19b4790304d2_3312,DRIAMS-D,2018,Klebsiella pneumoniae,Ceftriaxone,0,0.09953486918379081,NO_BACKGROUND_DRUGS,Weis-lr
d63d724c-d940-40e2-82a5-31f585d0dc3f_3313,DRIAMS-D,2018,Klebsiella pneumoniae,Ceftriaxone,1,0.1892611545242837,NO_BACKGROUND_DRUGS,Weis-lr
1571e1ba-19b2-4f1c-8f47-abe92c083486_3313,DRIAMS-D,2018,Klebsiella pneumoniae,Ceftriaxone,0,0.51040691160305,NO_BACKGROUND_DRUGS,Weis-lr
03977afe-ca2f-49fc-bc26-d4f7f09b1f2a_3312,DRIAMS-D,2018,Klebsiella pneumoniae,Ceftriaxone,0,0.3772356551394586,NO_BACKGROUND_DRUGS,Weis-lr
9a73bd2f-5be0-425d-b62b-9c95550c170b_3313,DRIAMS-D,2018,Klebsiella pneumoniae,Ceftriaxone,0,0.327231015830398,NO_BACKGROUND_DRUGS,Weis-lr
fb08a6c2-3574-44e8-a2d7-cc5c79341df2_3312,DRIAMS-D,2018,Klebsiella pneumoniae,Ceftriaxone,0,0.19369084651102506,NO_BACKGROUND_DRUGS,Weis-lr
5eed0511-dbd3-462e-b5f1-54c7c0a044a8_3312,DRIAMS-D,2018,Klebsiella pneumoniae,Ceftriaxone,0,0.23836537380152012,NO_BACKGROUND_DRUGS,Weis-lr
b62b8407-15f3-483a-a278-4608072f737f_3313,DRIAMS-D,2018,Klebsiella pneumoniae,Ceftriaxone,0,0.10170254236802119,NO_BACKGROUND_DRUGS,Weis-lr
70d50eb5-6907-4a1e-b9bd-4453f4b909cc_3312,DRIAMS-D,2018,Klebsiella pneumoniae,Ceftriaxone,0,0.27808225821127974,NO_BACKGROUND_DRUGS,Weis-lr
4c9cfb71-2450-48c1-ae9d-75002f76bead_3312,DRIAMS-D,2018,Klebsiella pneumoniae,Ceftriaxone,0,0.09525795956850894,NO_BACKGROUND_DRUGS,Weis-lr
1bdfee29-e3ba-4603-b95d-d528f9cd6c0b_3312,DRIAMS-D,2018,Klebsiella pneumoniae,Ceftriaxone,1,0.4514519390175986,NO_BACKGROUND_DRUGS,Weis-lr
27b39492-3794-4b5b-8bc4-34336b41aeec_3312,DRIAMS-D,2018,Klebsiella pneumoniae,Ceftriaxone,0,0.2809957868102815,NO_BACKGROUND_DRUGS,Weis-lr
66daf679-7017-49ff-b0ec-6ddb30c57d91_3312,DRIAMS-D,2018,Klebsiella pneumoniae,Ceftriaxone,0,0.08669340784316926,NO_BACKGROUND_DRUGS,Weis-lr
15cd16e9-fc5e-449f-8c7b-e5906636bec5_3313,DRIAMS-D,2018,Klebsiella pneumoniae,Ceftriaxone,0,0.06597154049451712,NO_BACKGROUND_DRUGS,Weis-lr
4a2877d9-e316-4999-994e-1eb4a2a94f64_3313,DRIAMS-D,2018,Klebsiella pneumoniae,Ceftriaxone,0,0.0007689592953526443,NO_BACKGROUND_DRUGS,Weis-lr
1f6bd5bb-22a3-423b-a1c5-8de7a606dc37_3312,DRIAMS-D,2018,Klebsiella pneumoniae,Ceftriaxone,0,0.28556129407876163,NO_BACKGROUND_DRUGS,Weis-lr
452c0d2c-45f6-481e-945a-45d1a055ca1d_3312,DRIAMS-D,2018,Klebsiella pneumoniae,Ceftriaxone,0,0.29856935188595857,NO_BACKGROUND_DRUGS,Weis-lr
25088ef6-cad9-4ab8-a203-c61ea1769078_3313,DRIAMS-D,2018,Klebsiella pneumoniae,Ceftriaxone,0,0.03337032630370517,NO_BACKGROUND_DRUGS,Weis-lr
4df5380f-f4ec-4018-91ef-9d4cfec022e5_3313,DRIAMS-D,2018,Klebsiella pneumoniae,Ceftriaxone,0,0.07162019506475929,NO_BACKGROUND_DRUGS,Weis-lr
e35212bc-9e03-47e1-9fd7-6b2085b8638c_3313,DRIAMS-D,2018,Klebsiella pneumoniae,Ceftriaxone,0,0.377452248044231,NO_BACKGROUND_DRUGS,Weis-lr
38dea009-314c-4998-b789-3172be578c6e_3312,DRIAMS-D,2018,Klebsiella pneumoniae,Ceftriaxone,0,0.43855150010172667,NO_BACKGROUND_DRUGS,Weis-lr
d9e43592-a1d4-42a4-af42-b6e866bd4cff_3312,DRIAMS-D,2018,Klebsiella pneumoniae,Ceftriaxone,0,0.1879499601957834,NO_BACKGROUND_DRUGS,Weis-lr
499ff71f-3e06-41ef-b453-e21a5f084578_3313,DRIAMS-D,2018,Klebsiella pneumoniae,Ceftriaxone,0,0.0666631742692494,NO_BACKGROUND_DRUGS,Weis-lr
63832c8d-60e6-49a2-b2c3-aca35d9c4e75_3313,DRIAMS-D,2018,Klebsiella pneumoniae,Ceftriaxone,0,0.069488248011856,NO_BACKGROUND_DRUGS,Weis-lr
3c05eca7-ba7d-42c4-9bf3-58a9bbd2a1ab_3313,DRIAMS-D,2018,Klebsiella pneumoniae,Ceftriaxone,0,0.41839559545501603,NO_BACKGROUND_DRUGS,Weis-lr
4f493219-188e-4d24-8203-042602b6eb1d_3312,DRIAMS-D,2018,Klebsiella pneumoniae,Ceftriaxone,0,0.37856653074684443,NO_BACKGROUND_DRUGS,Weis-lr
6891e82c-8c9c-48b2-aa70-161864e5ddff_3313,DRIAMS-D,2018,Klebsiella pneumoniae,Ceftriaxone,0,0.3067220511408071,NO_BACKGROUND_DRUGS,Weis-lr
be71fb3e-3b5b-4045-9dc7-d8bab2240662_3313,DRIAMS-D,2018,Klebsiella pneumoniae,Ceftriaxone,0,0.38107701672769567,NO_BACKGROUND_DRUGS,Weis-lr
7cbd1021-44d6-405b-acd7-8ce8db0d2535_3312,DRIAMS-D,2018,Klebsiella pneumoniae,Ceftriaxone,0,0.14123801356410057,NO_BACKGROUND_DRUGS,Weis-lr
2bea5878-5020-482a-879f-2a796b0681c3_3312,DRIAMS-D,2018,Klebsiella pneumoniae,Ceftriaxone,0,0.09130664524698809,NO_BACKGROUND_DRUGS,Weis-lr
590c69e3-3a7e-4db1-9595-2269da40c875_3312,DRIAMS-D,2018,Klebsiella pneumoniae,Ceftriaxone,0,0.2365062971213637,NO_BACKGROUND_DRUGS,Weis-lr
a165a17e-d2d7-4439-90bb-8c9ee948a9f5_3312,DRIAMS-D,2018,Klebsiella pneumoniae,Ceftriaxone,0,0.33748457779252106,NO_BACKGROUND_DRUGS,Weis-lr
37cb5aa1-2b8d-4cf1-a14a-8c53439eea5c_3312,DRIAMS-D,2018,Klebsiella pneumoniae,Ceftriaxone,0,0.11600988838033023,NO_BACKGROUND_DRUGS,Weis-lr
2613bdae-78f9-46be-864a-fd9f3c1fd081_3312,DRIAMS-D,2018,Klebsiella pneumoniae,Ceftriaxone,0,0.2722342514107223,NO_BACKGROUND_DRUGS,Weis-lr
7fef0f9b-50da-4e16-96e0-e299f3e7399c_3312,DRIAMS-D,2018,Klebsiella pneumoniae,Ceftriaxone,0,0.40032528839741954,NO_BACKGROUND_DRUGS,Weis-lr
4f212722-318e-4d43-940d-f1fc2ba5f594_3312,DRIAMS-D,2018,Klebsiella pneumoniae,Ceftriaxone,0,0.3543109285680652,NO_BACKGROUND_DRUGS,Weis-lr
b29af1f5-9727-492b-808a-f93615237710_3313,DRIAMS-D,2018,Klebsiella pneumoniae,Ceftriaxone,0,0.22171423584290287,NO_BACKGROUND_DRUGS,Weis-lr
8de801b5-d91a-40d4-823c-c4bda069fbfc_3313,DRIAMS-D,2018,Klebsiella pneumoniae,Ceftriaxone,0,0.14094135347141817,NO_BACKGROUND_DRUGS,Weis-lr
a3178080-f674-4ac7-ac65-012e9427908a_3313,DRIAMS-D,2018,Klebsiella pneumoniae,Ceftriaxone,0,0.5046659487489389,NO_BACKGROUND_DRUGS,Weis-lr
e1fd4eca-5da5-486e-bc6a-b3b80cbffea4_3312,DRIAMS-D,2018,Klebsiella pneumoniae,Ceftriaxone,0,0.21969802072325814,NO_BACKGROUND_DRUGS,Weis-lr
9e0a41db-3d0c-4a8f-9a82-6720a02f36ca_3312,DRIAMS-D,2018,Klebsiella pneumoniae,Ceftriaxone,0,0.18418306577707783,NO_BACKGROUND_DRUGS,Weis-lr
9b3e2110-8184-4ae4-b51c-88133e93286e_3312,DRIAMS-D,2018,Klebsiella pneumoniae,Ceftriaxone,0,0.06916567669915258,NO_BACKGROUND_DRUGS,Weis-lr
088c83a2-6bdb-4176-863c-e4386a5c79c4_3313,DRIAMS-D,2018,Klebsiella pneumoniae,Ceftriaxone,0,0.24163547631782692,NO_BACKGROUND_DRUGS,Weis-lr
3cfb0447-f8ff-48f7-b871-81ba66c3e687_3313,DRIAMS-D,2018,Klebsiella pneumoniae,Ceftriaxone,0,0.04070550997628369,NO_BACKGROUND_DRUGS,Weis-lr
a7e3343e-9b65-49ef-9d27-75b4510ce196_3313,DRIAMS-D,2018,Klebsiella pneumoniae,Ceftriaxone,0,0.4845585399522066,NO_BACKGROUND_DRUGS,Weis-lr
6f6f48f4-a497-47ff-9f36-b9a2da1d2b44_3312,DRIAMS-D,2018,Klebsiella pneumoniae,Ceftriaxone,0,0.33737408943858627,NO_BACKGROUND_DRUGS,Weis-lr
7c7dd90f-caec-4fa0-b983-3034ac10bfb2_3312,DRIAMS-D,2018,Klebsiella pneumoniae,Ceftriaxone,0,0.45719856708273005,NO_BACKGROUND_DRUGS,Weis-lr
0f9c8489-8452-4db6-9c55-d7f50f42ce02_3313,DRIAMS-D,2018,Klebsiella pneumoniae,Ceftriaxone,0,0.04583582631584626,NO_BACKGROUND_DRUGS,Weis-lr
f9cde04c-d75a-40dd-9ee7-7a5cd1b824de_3312,DRIAMS-D,2018,Klebsiella pneumoniae,Ceftriaxone,0,0.11145990770031743,NO_BACKGROUND_DRUGS,Weis-lr
7044a557-b0fb-4f25-b0f2-37b211f75922_3312,DRIAMS-D,2018,Klebsiella pneumoniae,Ceftriaxone,0,0.07735148854707057,NO_BACKGROUND_DRUGS,Weis-lr
3ec80ea2-3331-4c3b-9b3e-e432f07b8075_3313,DRIAMS-D,2018,Klebsiella pneumoniae,Ceftriaxone,0,0.06038058276555233,NO_BACKGROUND_DRUGS,Weis-lr
91f870e9-b937-438c-bc4e-7735db99c975_3313,DRIAMS-D,2018,Klebsiella pneumoniae,Ceftriaxone,0,0.6268243482306127,NO_BACKGROUND_DRUGS,Weis-lr
896a3c59-da85-4ec7-b51f-2ff413e80a44_3313,DRIAMS-D,2018,Klebsiella pneumoniae,Ceftriaxone,0,0.25213173857453014,NO_BACKGROUND_DRUGS,Weis-lr
c5fef7e6-b718-4ec6-aadb-a9730f4693d7_3313,DRIAMS-D,2018,Klebsiella pneumoniae,Ceftriaxone,0,0.4250876107806136,NO_BACKGROUND_DRUGS,Weis-lr
1049e9d7-cc8a-4c08-bc07-c1f78d1d9ee7_3312,DRIAMS-D,2018,Klebsiella pneumoniae,Ceftriaxone,0,0.22009324734106847,NO_BACKGROUND_DRUGS,Weis-lr
a73981ab-1d28-46d9-8ddf-20836ad43069_3312,DRIAMS-D,2018,Klebsiella pneumoniae,Ceftriaxone,0,0.34190533672520185,NO_BACKGROUND_DRUGS,Weis-lr
5c36973d-4268-4e0a-a969-19876efde024_3313,DRIAMS-D,2018,Klebsiella pneumoniae,Ceftriaxone,1,0.20557853234833157,NO_BACKGROUND_DRUGS,Weis-lr
6f063a28-5b78-4377-94e5-df314634d1eb_3312,DRIAMS-D,2018,Klebsiella pneumoniae,Ceftriaxone,0,0.2603238486623066,NO_BACKGROUND_DRUGS,Weis-lr
ad6c42f6-c3ef-477f-bba9-7bffac4be7c0_3313,DRIAMS-D,2018,Klebsiella pneumoniae,Ceftriaxone,0,0.05885947746235691,NO_BACKGROUND_DRUGS,Weis-lr
2ab36cf8-a63d-4628-bfcb-485e15e3093e_3312,DRIAMS-D,2018,Klebsiella pneumoniae,Ceftriaxone,0,0.5170275787063189,NO_BACKGROUND_DRUGS,Weis-lr
220c3feb-13e1-4ae2-ac8a-6b2b71d4452d_3312,DRIAMS-D,2018,Klebsiella pneumoniae,Ceftriaxone,0,0.002239052336819646,NO_BACKGROUND_DRUGS,Weis-lr
8364ceab-368d-4dff-a396-ea96adb6113b_3312,DRIAMS-D,2018,Klebsiella pneumoniae,Ceftriaxone,0,0.40466630237362666,NO_BACKGROUND_DRUGS,Weis-lr
5051fccc-3788-487e-bdff-f4d1789509c5_3312,DRIAMS-D,2018,Klebsiella pneumoniae,Ceftriaxone,0,0.10953792400664453,NO_BACKGROUND_DRUGS,Weis-lr
b61f6c1c-475b-4499-8ac8-8eabaad0e16f_3312,DRIAMS-D,2018,Klebsiella pneumoniae,Ceftriaxone,0,0.21376576052851204,NO_BACKGROUND_DRUGS,Weis-lr
02e57268-cd28-40de-9b5c-d315d63d41a1_3312,DRIAMS-D,2018,Klebsiella pneumoniae,Ceftriaxone,0,0.14999381300546027,NO_BACKGROUND_DRUGS,Weis-lr
75d6d348-f962-431d-adf1-fcc639209f37_3312,DRIAMS-D,2018,Klebsiella pneumoniae,Ceftriaxone,0,0.49125899470082635,NO_BACKGROUND_DRUGS,Weis-lr
58a52237-233c-449f-8bdb-b6c105bd28d6_3312,DRIAMS-D,2018,Klebsiella pneumoniae,Ceftriaxone,0,0.629108508285484,NO_BACKGROUND_DRUGS,Weis-lr
baa122f5-60cd-470b-b55a-d9285897d124_3313,DRIAMS-D,2018,Klebsiella pneumoniae,Ceftriaxone,0,0.27214456413993987,NO_BACKGROUND_DRUGS,Weis-lr
721f7866-e6e9-4a50-9eac-0932c9b61c9a_3312,DRIAMS-D,2018,Klebsiella pneumoniae,Ceftriaxone,0,0.2910109411450205,NO_BACKGROUND_DRUGS,Weis-lr
dc92b3db-b6b2-4459-b41a-1f82e956378f_3312,DRIAMS-D,2018,Klebsiella pneumoniae,Ceftriaxone,0,0.08136662776672815,NO_BACKGROUND_DRUGS,Weis-lr
696aff74-a9a0-43b8-b05c-ba241fe59de0_3312,DRIAMS-D,2018,Klebsiella pneumoniae,Ceftriaxone,0,0.23796250951025905,NO_BACKGROUND_DRUGS,Weis-lr
827409b5-d65e-4b4e-981e-4d6b2761128b_3312,DRIAMS-D,2018,Klebsiella pneumoniae,Ceftriaxone,0,0.30829758084604575,NO_BACKGROUND_DRUGS,Weis-lr
68c4cf71-7809-4898-a694-bc4cfaadaf1e_3313,DRIAMS-D,2018,Klebsiella pneumoniae,Ceftriaxone,0,0.30563251113638823,NO_BACKGROUND_DRUGS,Weis-lr
98d47710-63a3-4c8d-8847-4f0859f9b3d1_3312,DRIAMS-D,2018,Klebsiella pneumoniae,Ceftriaxone,0,0.4745318499060511,NO_BACKGROUND_DRUGS,Weis-lr
20cbb2a5-0f5d-4b2b-8328-f7866b36f82d_3312,DRIAMS-D,2018,Klebsiella pneumoniae,Ceftriaxone,0,0.03543291647686108,NO_BACKGROUND_DRUGS,Weis-lr
5add630d-fca1-4ee1-afba-82de05128ad4_3313,DRIAMS-D,2018,Klebsiella pneumoniae,Ceftriaxone,0,0.31509963083229137,NO_BACKGROUND_DRUGS,Weis-lr
d81deb4f-6ee5-4374-b7c5-1139233f4b34_3313,DRIAMS-D,2018,Klebsiella pneumoniae,Ceftriaxone,0,0.01585882653126337,NO_BACKGROUND_DRUGS,Weis-lr
0b8a8eba-ed81-4788-b90a-4b87c0b8462b_3312,DRIAMS-D,2018,Klebsiella pneumoniae,Ceftriaxone,0,0.20894894140904066,NO_BACKGROUND_DRUGS,Weis-lr
e8cc0990-8d97-4075-a983-5171f4ff2618_3312,DRIAMS-D,2018,Klebsiella pneumoniae,Ceftriaxone,0,0.4942866378770167,NO_BACKGROUND_DRUGS,Weis-lr
4945d76a-ccf1-4074-8319-de06a2bbbdd8_3313,DRIAMS-D,2018,Klebsiella pneumoniae,Ceftriaxone,0,0.19400417006358509,NO_BACKGROUND_DRUGS,Weis-lr
c4987861-2b88-432c-a387-6b28165a9754_3312,DRIAMS-D,2018,Klebsiella pneumoniae,Ceftriaxone,1,0.5743799813058973,NO_BACKGROUND_DRUGS,Weis-lr
3226d607-dfe8-4d6d-9ffb-e448ded47f7c_3312,DRIAMS-D,2018,Klebsiella pneumoniae,Ceftriaxone,0,0.3390362035039086,NO_BACKGROUND_DRUGS,Weis-lr
512744bd-220d-4bb6-9292-fbaffa535d7b_3312,DRIAMS-D,2018,Klebsiella pneumoniae,Ceftriaxone,0,0.11615987604556556,NO_BACKGROUND_DRUGS,Weis-lr
f476beca-74df-48dd-84f0-099984463d00_3312,DRIAMS-D,2018,Klebsiella pneumoniae,Ceftriaxone,0,0.09647111555100113,NO_BACKGROUND_DRUGS,Weis-lr
cefadb85-3a0e-4d6e-8d2a-ed74d1641d28_3312,DRIAMS-D,2018,Klebsiella pneumoniae,Ceftriaxone,0,0.011244703229395529,NO_BACKGROUND_DRUGS,Weis-lr
5288a69e-b097-4b0e-be88-3b73b8df8356_3312,DRIAMS-D,2018,Klebsiella pneumoniae,Ceftriaxone,0,0.24001910146196584,NO_BACKGROUND_DRUGS,Weis-lr
9257fc58-71c1-4be0-b88e-df9f4d873ce2_3312,DRIAMS-D,2018,Klebsiella pneumoniae,Ceftriaxone,0,0.15346260956698776,NO_BACKGROUND_DRUGS,Weis-lr
a9776f84-ba51-4150-90d6-345322edac6a_3312,DRIAMS-D,2018,Klebsiella pneumoniae,Ceftriaxone,0,0.2926917244182203,NO_BACKGROUND_DRUGS,Weis-lr
fc556b6f-9a10-4394-9867-67dd146387d5_3313,DRIAMS-D,2018,Klebsiella pneumoniae,Ceftriaxone,0,0.1734071279496564,NO_BACKGROUND_DRUGS,Weis-lr
3d8ba907-860a-4d30-84fa-ea047470c035_3313,DRIAMS-D,2018,Klebsiella pneumoniae,Ceftriaxone,0,0.34009208233655325,NO_BACKGROUND_DRUGS,Weis-lr
8802e723-50df-430d-bae1-40d4c9f12112_3313,DRIAMS-D,2018,Klebsiella pneumoniae,Ceftriaxone,0,0.26433588671812924,NO_BACKGROUND_DRUGS,Weis-lr
1972f6d9-88a3-4227-a7d1-528b441152ed_3313,DRIAMS-D,2018,Klebsiella pneumoniae,Ceftriaxone,1,0.32295534956483324,NO_BACKGROUND_DRUGS,Weis-lr
2d860c89-5208-4a5d-9f51-9dbabc1695fc_3313,DRIAMS-D,2018,Klebsiella pneumoniae,Ceftriaxone,0,0.16220292804381287,NO_BACKGROUND_DRUGS,Weis-lr
1add0066-359c-4a4e-b9b4-d2c927816c89_3312,DRIAMS-D,2018,Klebsiella pneumoniae,Ceftriaxone,0,0.07285636572772453,NO_BACKGROUND_DRUGS,Weis-lr
00afe37f-e06f-4185-86cf-f8cea553a9d7_3313,DRIAMS-D,2018,Klebsiella pneumoniae,Ceftriaxone,0,0.09752760541568929,NO_BACKGROUND_DRUGS,Weis-lr
4b75433f-7502-4fab-8eac-362a96346b58_3313,DRIAMS-D,2018,Klebsiella pneumoniae,Ceftriaxone,0,0.010570483891157237,NO_BACKGROUND_DRUGS,Weis-lr
c421f83a-e6c4-44de-951d-0d02290281f9_3313,DRIAMS-D,2018,Klebsiella pneumoniae,Ceftriaxone,0,0.16002588490359307,NO_BACKGROUND_DRUGS,Weis-lr
d324bdd1-9b02-440b-9918-70a8bf263eb4_3313,DRIAMS-D,2018,Klebsiella pneumoniae,Ceftriaxone,0,0.15155477815841936,NO_BACKGROUND_DRUGS,Weis-lr
67007622-ab13-4ab4-9119-be37fd6a6f29_3312,DRIAMS-D,2018,Klebsiella pneumoniae,Ceftriaxone,0,0.1737529357267609,NO_BACKGROUND_DRUGS,Weis-lr
027acbb2-decd-4d6a-8df8-84cf56d598d2_3312,DRIAMS-D,2018,Klebsiella pneumoniae,Ceftriaxone,0,0.39169719354764054,NO_BACKGROUND_DRUGS,Weis-lr
03c5aaad-64e3-4f0b-9bbf-c16f5766cc01_3312,DRIAMS-D,2018,Klebsiella pneumoniae,Ceftriaxone,0,0.6641775496050517,NO_BACKGROUND_DRUGS,Weis-lr
800cd2dd-b230-48a2-8fc1-0184eef193bd_3313,DRIAMS-D,2018,Klebsiella pneumoniae,Ceftriaxone,0,0.06880572269731339,NO_BACKGROUND_DRUGS,Weis-lr
6c02ce0d-ca92-41cc-bddd-9f25a4b568af_3312,DRIAMS-D,2018,Klebsiella pneumoniae,Ceftriaxone,0,0.39709504132354023,NO_BACKGROUND_DRUGS,Weis-lr
e6e3dc3e-bd89-42d2-b8ee-97f3558c628b_3313,DRIAMS-D,2018,Klebsiella pneumoniae,Ceftriaxone,0,0.010082309156503483,NO_BACKGROUND_DRUGS,Weis-lr
80b98e73-7cce-4a0b-b2aa-62f7960198ed_3312,DRIAMS-D,2018,Klebsiella pneumoniae,Ceftriaxone,0,0.41892521871679234,NO_BACKGROUND_DRUGS,Weis-lr
c281f0b4-9c02-4ad0-9c48-5ed1d794d19c_3312,DRIAMS-D,2018,Klebsiella pneumoniae,Ceftriaxone,0,0.37322776398440943,NO_BACKGROUND_DRUGS,Weis-lr
94596c55-2dd4-4b22-a714-e37381798ff0_3313,DRIAMS-D,2018,Klebsiella pneumoniae,Ceftriaxone,0,0.047509694977563036,NO_BACKGROUND_DRUGS,Weis-lr
b17e711c-5d9b-44f2-94dc-7a58452df1e9_3312,DRIAMS-D,2018,Klebsiella pneumoniae,Ceftriaxone,0,0.4053867355701099,NO_BACKGROUND_DRUGS,Weis-lr
31ef0cb9-b48d-4903-a864-df805f597457_3312,DRIAMS-D,2018,Klebsiella pneumoniae,Ceftriaxone,0,0.447895484601065,NO_BACKGROUND_DRUGS,Weis-lr
ec37df06-a451-402b-9300-bb04ccea682a_3312,DRIAMS-D,2018,Klebsiella pneumoniae,Ceftriaxone,0,0.21197841694085748,NO_BACKGROUND_DRUGS,Weis-lr
75524734-317a-4910-99e5-8b9850890d6a_3312,DRIAMS-D,2018,Klebsiella pneumoniae,Ceftriaxone,0,0.1608216162873571,NO_BACKGROUND_DRUGS,Weis-lr
df813aae-6acd-4b09-a4fc-747df921ef5f_3313,DRIAMS-D,2018,Klebsiella pneumoniae,Ceftriaxone,0,0.6759368239743873,NO_BACKGROUND_DRUGS,Weis-lr
1ef78657-b630-47d8-87a8-43cafe92e6c8_3313,DRIAMS-D,2018,Klebsiella pneumoniae,Ceftriaxone,0,0.11316757654104678,NO_BACKGROUND_DRUGS,Weis-lr
9992d279-51bd-4bca-9e59-7e4d69ce90fd_3312,DRIAMS-D,2018,Klebsiella pneumoniae,Ceftriaxone,0,0.4801455452579775,NO_BACKGROUND_DRUGS,Weis-lr
3f19f00e-af51-4049-ac74-8da486c6b4d7_3312,DRIAMS-D,2018,Klebsiella pneumoniae,Ceftriaxone,0,0.24130784913081055,NO_BACKGROUND_DRUGS,Weis-lr
c59eaf01-a75e-413a-a69d-a8912f0d9585_3312,DRIAMS-D,2018,Klebsiella pneumoniae,Ceftriaxone,0,0.5646842909214614,NO_BACKGROUND_DRUGS,Weis-lr
e23c2721-d47e-411e-964e-c02e0fe113bb_3312,DRIAMS-D,2018,Klebsiella pneumoniae,Ceftriaxone,0,0.39679856450043316,NO_BACKGROUND_DRUGS,Weis-lr
b5a71114-c554-4394-bb1c-07492c925c87_3312,DRIAMS-D,2018,Klebsiella pneumoniae,Ceftriaxone,0,0.18038738221404427,NO_BACKGROUND_DRUGS,Weis-lr
385ce616-371b-4cda-a0d8-464db5929fba_3312,DRIAMS-D,2018,Klebsiella pneumoniae,Ceftriaxone,0,0.09754657611258917,NO_BACKGROUND_DRUGS,Weis-lr
bd2c1555-5517-4349-9ba5-cbd4a98d7a68_3312,DRIAMS-D,2018,Klebsiella pneumoniae,Ceftriaxone,0,0.43485012315344457,NO_BACKGROUND_DRUGS,Weis-lr
8f3bdea8-4ff1-4587-8605-9e1f9b8154d8_3313,DRIAMS-D,2018,Klebsiella pneumoniae,Ceftriaxone,0,0.1618973086025682,NO_BACKGROUND_DRUGS,Weis-lr
0553b330-226f-4021-a14f-cca51a4f83ce_3313,DRIAMS-D,2018,Klebsiella pneumoniae,Ceftriaxone,1,0.1383084309246819,NO_BACKGROUND_DRUGS,Weis-lr
b2e98fad-4c21-4d9e-9f22-780201221a1b_3312,DRIAMS-D,2018,Klebsiella pneumoniae,Ceftriaxone,0,0.1370294823737878,NO_BACKGROUND_DRUGS,Weis-lr
a50c1987-a14b-4499-9c29-9d052d04ecf1_3312,DRIAMS-D,2018,Klebsiella pneumoniae,Ceftriaxone,0,0.21512134931441695,NO_BACKGROUND_DRUGS,Weis-lr
9ce49754-c6a3-4590-8398-00f1d45d49cc_3313,DRIAMS-D,2018,Klebsiella pneumoniae,Ceftriaxone,0,0.19490056556502205,NO_BACKGROUND_DRUGS,Weis-lr
6334e3e8-2990-4ff9-ba15-d9a5f2bb6465_3313,DRIAMS-D,2018,Klebsiella pneumoniae,Ceftriaxone,0,0.20541194094224116,NO_BACKGROUND_DRUGS,Weis-lr
9c121f09-9b9f-4949-8e38-1709936a60e8_3312,DRIAMS-D,2018,Klebsiella pneumoniae,Ceftriaxone,1,0.199893258446907,NO_BACKGROUND_DRUGS,Weis-lr
2b4bb39e-40aa-4463-913f-771980e74c8e_3312,DRIAMS-D,2018,Klebsiella pneumoniae,Ceftriaxone,0,0.3862431245087442,NO_BACKGROUND_DRUGS,Weis-lr
0c80e014-3af2-432a-8a25-2d0b3a86c104_3313,DRIAMS-D,2018,Klebsiella pneumoniae,Ceftriaxone,0,0.08589053956776292,NO_BACKGROUND_DRUGS,Weis-lr
13812e0a-41ed-4e42-ab5e-5e5bfed9387e_3313,DRIAMS-D,2018,Klebsiella pneumoniae,Ceftriaxone,0,0.5266569358736052,NO_BACKGROUND_DRUGS,Weis-lr
197345eb-6e05-439a-bb0e-1b7dc504150d_3312,DRIAMS-D,2018,Klebsiella pneumoniae,Ceftriaxone,0,0.5452792161145432,NO_BACKGROUND_DRUGS,Weis-lr
33d43fb2-71e9-491e-a154-481a1c8e15c9_3312,DRIAMS-D,2018,Klebsiella pneumoniae,Ceftriaxone,0,0.11454965263070566,NO_BACKGROUND_DRUGS,Weis-lr
8e56f653-6e2f-4769-9de8-84b2f6e1a601_3312,DRIAMS-D,2018,Klebsiella pneumoniae,Ceftriaxone,1,0.6040389888962909,NO_BACKGROUND_DRUGS,Weis-lr
f61af725-c1b8-483e-8521-8453373d28a1_3313,DRIAMS-D,2018,Klebsiella pneumoniae,Ceftriaxone,0,0.0764547116184144,NO_BACKGROUND_DRUGS,Weis-lr
e244ae8e-4b4b-4ebd-80be-aede13e07651_3312,DRIAMS-D,2018,Klebsiella pneumoniae,Ceftriaxone,0,0.11858719331446345,NO_BACKGROUND_DRUGS,Weis-lr
d9a970c3-d4bc-404a-81d0-eefa81f560f1_3313,DRIAMS-D,2018,Klebsiella pneumoniae,Ceftriaxone,0,0.27931705345205626,NO_BACKGROUND_DRUGS,Weis-lr
638c26e5-1baa-4b18-a31d-8f88ba2ead29_3312,DRIAMS-D,2018,Klebsiella pneumoniae,Ceftriaxone,0,0.1554701768457439,NO_BACKGROUND_DRUGS,Weis-lr
5edcf9e7-1fd2-43ef-a8f9-a4b15544f321_3312,DRIAMS-D,2018,Klebsiella pneumoniae,Ceftriaxone,0,0.22811682024255606,NO_BACKGROUND_DRUGS,Weis-lr
31f15ae5-ac48-4f0d-8dd6-0f24e2cde4dd_3312,DRIAMS-D,2018,Klebsiella pneumoniae,Ceftriaxone,0,0.41135319525645525,NO_BACKGROUND_DRUGS,Weis-lr
1b7d51de-c234-4b1d-a460-a81ef321f588_3312,DRIAMS-D,2018,Klebsiella pneumoniae,Ceftriaxone,0,0.7703612935521108,NO_BACKGROUND_DRUGS,Weis-lr
37f3acd0-82b1-4fe1-b19a-2cb01498eed8_3313,DRIAMS-D,2018,Klebsiella pneumoniae,Ceftriaxone,0,0.06919381741531665,NO_BACKGROUND_DRUGS,Weis-lr
4c2fa6f8-11b7-4620-8170-15c72b574d43_3313,DRIAMS-D,2018,Klebsiella pneumoniae,Ceftriaxone,0,0.5610403065708088,NO_BACKGROUND_DRUGS,Weis-lr
926df067-6ad9-47cd-8b76-74f14c61b75e_3312,DRIAMS-D,2018,Klebsiella pneumoniae,Ceftriaxone,0,0.06506435893474724,NO_BACKGROUND_DRUGS,Weis-lr
d2dfeef6-9c4d-4942-8695-840bc30bc205_3312,DRIAMS-D,2018,Klebsiella pneumoniae,Ceftriaxone,0,0.2272885902621022,NO_BACKGROUND_DRUGS,Weis-lr
29572de8-5b0c-464a-90bb-86180e25de35_3312,DRIAMS-D,2018,Klebsiella pneumoniae,Ceftriaxone,0,0.08783461651095,NO_BACKGROUND_DRUGS,Weis-lr
83b2d63b-8d5e-430e-b089-9482d0edb867_3312,DRIAMS-D,2018,Klebsiella pneumoniae,Ceftriaxone,0,0.07112548492680848,NO_BACKGROUND_DRUGS,Weis-lr
6b967a8f-f460-41cc-b252-391dd73f561e_3312,DRIAMS-D,2018,Klebsiella pneumoniae,Ceftriaxone,0,0.5427198496569503,NO_BACKGROUND_DRUGS,Weis-lr
5cdaa720-03d7-4d98-bb39-6430e9ee926b_3313,DRIAMS-D,2018,Klebsiella pneumoniae,Ceftriaxone,0,0.5228363154869422,NO_BACKGROUND_DRUGS,Weis-lr
69209f11-47e0-4718-b226-2b85e45c9ba8_3313,DRIAMS-D,2018,Klebsiella pneumoniae,Ceftriaxone,0,0.11890082439013606,NO_BACKGROUND_DRUGS,Weis-lr
7a1fdc16-7a46-4140-b493-e9f5c861b764_3313,DRIAMS-D,2018,Klebsiella pneumoniae,Ceftriaxone,0,0.2790634422873589,NO_BACKGROUND_DRUGS,Weis-lr
dd2769a2-f335-422d-a8eb-e7ffd4d21a04_3312,DRIAMS-D,2018,Klebsiella pneumoniae,Ceftriaxone,0,0.06959675823345493,NO_BACKGROUND_DRUGS,Weis-lr
c0146b17-fd38-4b6a-9d29-ce481d4b525c_3312,DRIAMS-D,2018,Klebsiella pneumoniae,Ceftriaxone,0,0.3709162489514367,NO_BACKGROUND_DRUGS,Weis-lr
bd541387-4e32-42e8-bf9f-d12d70ee77cb_3312,DRIAMS-D,2018,Klebsiella pneumoniae,Ceftriaxone,0,0.28911170153244947,NO_BACKGROUND_DRUGS,Weis-lr
4196f934-4aa0-4db8-9c88-df2f7d4e5817_3312,DRIAMS-D,2018,Klebsiella pneumoniae,Ceftriaxone,0,0.0724177293703733,NO_BACKGROUND_DRUGS,Weis-lr
4557aa81-dc32-4367-8d32-1833b7cb8f94_3312,DRIAMS-D,2018,Klebsiella pneumoniae,Ceftriaxone,0,0.09149601594184287,NO_BACKGROUND_DRUGS,Weis-lr
7c091a47-9424-4ccd-a729-d5d812597e6d_3313,DRIAMS-D,2018,Klebsiella pneumoniae,Ceftriaxone,0,0.7565965766586795,NO_BACKGROUND_DRUGS,Weis-lr
be440fce-238a-47c6-8f17-e3fdc420caa1_3313,DRIAMS-D,2018,Klebsiella pneumoniae,Ceftriaxone,0,0.20741294432450338,NO_BACKGROUND_DRUGS,Weis-lr
be398b73-4839-454d-8210-e99b257188fe_3313,DRIAMS-D,2018,Klebsiella pneumoniae,Ceftriaxone,0,0.25793272301601616,NO_BACKGROUND_DRUGS,Weis-lr
282da23d-e61d-4ff7-a221-009a4adac92b_3312,DRIAMS-D,2018,Klebsiella pneumoniae,Ceftriaxone,0,0.24503832532483982,NO_BACKGROUND_DRUGS,Weis-lr
da83a754-0a4d-4301-8845-42824ffd99a6_3312,DRIAMS-D,2018,Klebsiella pneumoniae,Ceftriaxone,0,0.006068120385814945,NO_BACKGROUND_DRUGS,Weis-lr
6fdacb09-37bd-4cc4-9af5-ef6ece06f203_3312,DRIAMS-D,2018,Klebsiella pneumoniae,Ceftriaxone,0,0.03031207593985017,NO_BACKGROUND_DRUGS,Weis-lr
549a9089-9463-4bac-b814-0397fd10571a_3312,DRIAMS-D,2018,Klebsiella pneumoniae,Ceftriaxone,0,0.14954541724633583,NO_BACKGROUND_DRUGS,Weis-lr
a4e4a0d0-3158-4b55-b07c-5c8104333877_3313,DRIAMS-D,2018,Klebsiella pneumoniae,Ceftriaxone,0,0.050028537326107306,NO_BACKGROUND_DRUGS,Weis-lr
a6044afa-5d41-47af-83d9-4c5d05d278e8_3312,DRIAMS-D,2018,Klebsiella pneumoniae,Ceftriaxone,0,0.10667110963118283,NO_BACKGROUND_DRUGS,Weis-lr
ccfd960d-1482-4d9e-90f6-4c1006b5e1aa_3312,DRIAMS-D,2018,Klebsiella pneumoniae,Ceftriaxone,0,0.013065926317374252,NO_BACKGROUND_DRUGS,Weis-lr
c74308ee-600e-4d39-975e-71fc8bc0487e_3312,DRIAMS-D,2018,Klebsiella pneumoniae,Ceftriaxone,1,0.12773449935295972,NO_BACKGROUND_DRUGS,Weis-lr
a3920afc-bd79-45d2-8ed9-6c9f06767c81_3312,DRIAMS-D,2018,Klebsiella pneumoniae,Ceftriaxone,0,0.3071635064725517,NO_BACKGROUND_DRUGS,Weis-lr
182b8855-1b67-4fe3-bf33-574e486e3976_3313,DRIAMS-D,2018,Klebsiella pneumoniae,Ceftriaxone,0,0.2574800439880552,NO_BACKGROUND_DRUGS,Weis-lr
9e3f75ca-5c9b-49e3-89c6-daf79af1da1e_3313,DRIAMS-D,2018,Klebsiella pneumoniae,Ceftriaxone,0,0.35792925213231874,NO_BACKGROUND_DRUGS,Weis-lr
f1e28504-f844-4994-9bb9-aef0e2014c01_3313,DRIAMS-D,2018,Klebsiella pneumoniae,Ceftriaxone,0,0.12491674538266376,NO_BACKGROUND_DRUGS,Weis-lr
6b0bb957-4b85-4419-a048-42f973189d24_3312,DRIAMS-D,2018,Klebsiella pneumoniae,Ceftriaxone,0,0.04027723217905581,NO_BACKGROUND_DRUGS,Weis-lr
0c97490d-b4b8-46d9-879e-6f2511fd7154_3313,DRIAMS-D,2018,Klebsiella pneumoniae,Ceftriaxone,0,0.5143308280146092,NO_BACKGROUND_DRUGS,Weis-lr
6c11b3d8-9b78-41f9-9d7f-1ca145cb4e51_3312,DRIAMS-D,2018,Klebsiella pneumoniae,Ceftriaxone,1,0.25403840727249205,NO_BACKGROUND_DRUGS,Weis-lr
20ce4609-44b2-435b-b4d6-4b7c93ae9ab2_3313,DRIAMS-D,2018,Klebsiella pneumoniae,Ceftriaxone,0,0.13162831441690262,NO_BACKGROUND_DRUGS,Weis-lr
659a9395-9ce1-44bd-92b4-1b4eca2098d9_3312,DRIAMS-D,2018,Klebsiella pneumoniae,Ceftriaxone,0,0.09527355760970993,NO_BACKGROUND_DRUGS,Weis-lr
246cd788-1c05-4a17-9076-7987801127de_3312,DRIAMS-D,2018,Klebsiella pneumoniae,Ceftriaxone,0,0.11298310170041298,NO_BACKGROUND_DRUGS,Weis-lr
b94b86ac-e4dd-4ccd-8f06-e5b914b9557c_3313,DRIAMS-D,2018,Klebsiella pneumoniae,Ceftriaxone,0,0.24446716675957988,NO_BACKGROUND_DRUGS,Weis-lr
ac111c17-2c8e-48ef-a0da-1df5e8912a20_3313,DRIAMS-D,2018,Klebsiella pneumoniae,Ceftriaxone,0,0.3099507094339044,NO_BACKGROUND_DRUGS,Weis-lr
47087be0-6429-4101-b1ee-e66f96849e4b_3312,DRIAMS-D,2018,Klebsiella pneumoniae,Ceftriaxone,0,0.34826757281156945,NO_BACKGROUND_DRUGS,Weis-lr
4a722def-ef34-4e8b-b9ed-b779fa1805c4_3313,DRIAMS-D,2018,Klebsiella pneumoniae,Ceftriaxone,0,0.31652086908070404,NO_BACKGROUND_DRUGS,Weis-lr
5abab5fc-e4c6-4722-b411-17befaba51bd_3312,DRIAMS-D,2018,Klebsiella pneumoniae,Ceftriaxone,0,0.1300999464749873,NO_BACKGROUND_DRUGS,Weis-lr
dee697d3-ef0d-483e-af3a-996f20b78ed3_3312,DRIAMS-D,2018,Klebsiella pneumoniae,Ceftriaxone,0,0.06684498260111185,NO_BACKGROUND_DRUGS,Weis-lr
b63e50d2-649f-448c-8778-626a0725ac7d_3313,DRIAMS-D,2018,Klebsiella pneumoniae,Ceftriaxone,0,0.15615629507797582,NO_BACKGROUND_DRUGS,Weis-lr
b757bd74-1fc7-44ce-b11a-5c43411c0d0d_3313,DRIAMS-D,2018,Klebsiella pneumoniae,Ceftriaxone,0,0.11137605626987589,NO_BACKGROUND_DRUGS,Weis-lr
7b7adc7c-1848-4d38-85dc-5dee0141e126_3313,DRIAMS-D,2018,Klebsiella pneumoniae,Ceftriaxone,0,0.20734565835749486,NO_BACKGROUND_DRUGS,Weis-lr
